id,name,country,platform_type,operator,operator_type,procurement_scope,coverage,official_url,tender_search_url,supplier_registration_url,submission_url,documents_url,opportunity_types,search_access,electronic_submission,supplier_registration_required,foreign_suppliers_accepted,languages,part_of,current_status,browser_check_required,evidence_class,last_verified
am-armeps,ARMEPS,armenia,national-procurement,,government,public,national,https://www.armeps.am/,,,,,contract-notice; tender,unknown,unknown,unknown,unknown,hy,,active,no,B,2026-08-11
at-anko-vergabeportal,ANKÖ Vergabeportal (vergabeportal.at),austria,national-procurement,ANKÖ - Auftragnehmerkataster Österreich (ANKÖ Service GmbH),private-company,public,national,https://www.vergabeportal.at/,,https://identity.vergabeportal.at/Registration/Index,,,award-notice; contract-notice; supplier-registration; tender,paid,yes,yes,unknown,de,,active,yes,B,2026-08-11
at-usp-ausschreibungssuche,USP Ausschreibungssuche (eProcurement Bekanntmachungsservice),austria,national-procurement,Austrian federal government via the Unternehmensserviceportal (USP); technical operation Bundesrechenzentrum GmbH (BRZ),government,public,national,https://ausschreibungen.usp.gv.at/,https://ausschreibungen.usp.gv.at/at.gv.bmdw.eproc-p/public/tenderlist,,,,award-notice; contract-notice; prior-information-notice; tender,free,no,no,unknown,de,,active,no,A,2026-08-11
be-e-procurement,"e-Procurement (publicprocurement.be, BOSA)",belgium,national-procurement,FPS BOSA (Federal Public Service Policy and Support),government,public,national,https://www.publicprocurement.be/,,,,https://bosa.belgium.be/en/applications/e-procurement,award-notice; contract-notice; prior-information-notice; tender,free,yes,yes,unknown,de; en; fr; nl,,active,yes,B,2026-08-11
bg-cais-eop,ЦАИС ЕОП (CAIS EOP) – Централизирана автоматизирана информационна система 'Електронни обществени поръчки',bulgaria,national-procurement,"Агенция по обществени поръчки (Public Procurement Agency, AOP)",government,public,national,https://app.eop.bg/,,,,,award-notice; contract-notice; dynamic-purchasing-system; framework-agreement; prior-information-notice; supplier-registration; tender,free,yes,yes,unknown,bg,,active,yes,B,2026-08-11
hr-eojn-rh,EOJN RH – Elektronički oglasnik javne nabave Republike Hrvatske,croatia,national-procurement,Ministarstvo gospodarstva Republike Hrvatske (implementation lead); Narodne novine d.d. (provedbeni partner),government,public,national,https://eojn.hr/,https://eojn.hr/procurements-all,,,,award-notice; contract-notice; dynamic-purchasing-system; framework-agreement; prior-information-notice; procurement-plan; supplier-registration; tender,free,yes,yes,unknown,hr,,active,no,A,2026-08-11
hr-oglasnik-javne-nabave,"Oglasnik javne nabave (legacy EOJN, eojn.nn.hr)",croatia,national-procurement,Narodne novine d.d.,state-owned-enterprise,public,national,https://eojn.nn.hr/Oglasnik/,,,,,award-notice; contract-notice; procurement-plan,free,no,unknown,unknown,hr,hr-eojn-rh,active,yes,B,2026-08-11
cy-eprocurement-system-of,eProcurement System of the Republic of Cyprus (e-PPS),cyprus,national-procurement,"Public Procurement Directorate, Treasury of the Republic of Cyprus",government,public,national,https://www.eprocurement.gov.cy/,https://www.eprocurement.gov.cy/epps/prepareAdvancedSearch.do?type=cftFTS,https://www.eprocurement.gov.cy/epps/prepareRegisterEOOrg.do?registerEO=true,https://www.eprocurement.gov.cy/epps/authenticate/login,,contract-notice; procurement-plan; supplier-registration; tender,free,yes,yes,unknown,el; en,,active,no,A,2026-08-11
cz-nen,NEN — Národní elektronický nástroj,czech-republic,national-procurement,Ministerstvo pro místní rozvoj ČR,government,public,national,https://nen.nipez.cz/,https://nen.nipez.cz/en/verejne-zakazky,,,,contract-notice; framework-agreement; tender,free,yes,unknown,unknown,cs; en,,active,no,B,2026-08-11
dk-udbud,Udbud.dk,denmark,national-procurement,,government,public,national,https://udbud.dk/,,,,,contract-notice; tender,unknown,unknown,unknown,unknown,da,,active,yes,unknown,2026-08-11
ee-riigihangete-register,Riigihangete register (RHR — Estonian Public Procurement Register),estonia,national-procurement,"Riigi Tugiteenuste Keskus (State Shared Service Centre), administrator since 01.01.2024; policy owner Ministry of Finance (Rahandusministeerium)",government,public,national,https://riigihanked.riik.ee/,,,,,award-notice; contract-notice; prior-information-notice; tender,free,yes,unknown,unknown,en; et,,active,yes,A,2026-08-11
eu-ted,TED — Tenders Electronic Daily,european-union,eu-procurement,Publications Office of the European Union,eu-institution,public,supranational,https://ted.europa.eu/,https://ted.europa.eu/en/advanced-search,,,,award-notice; contract-notice; prior-information-notice; tender,free,no,no,unknown,bg; cs; da; de; el; en; es; et; fi; fr; ga; hr; hu; it; lt; lv; mt; nl; pl; pt; ro; sk; sl; sv,,active,no,A,2026-08-11
fi-cloudia-tarjouspalvelu,Cloudia Tarjouspalvelu (tarjouspalvelu.fi supplier portal),finland,national-procurement,Cloudia Oy (part of Mercell Group),private-company,public,national,https://tarjouspalvelu.fi/,,,,,rfq; supplier-registration; tender,free,yes,yes,unknown,fi,,active,no,B,2026-08-11
fi-hilma,Hilma (hankintailmoitukset.fi),finland,national-procurement,Ministry of Finance (owner); maintained and developed under contract by Hansel Ltd (central purchasing body),government,public,national,https://www.hankintailmoitukset.fi/,,,,,award-notice; contract-notice; prior-information-notice; tender,free,yes,unknown,unknown,en; fi; sv,,active,yes,A,2026-08-11
fr-approch,APProch — portail des projets d'achats publics,france,national-procurement,"Direction des achats de l'État (DAE), Ministry of Economy",government,public,national,https://projets-achats.marches-publics.gouv.fr,,,,,procurement-plan,free,no,unknown,unknown,fr,fr-place,active,yes,B,2026-08-11
fr-boamp,BOAMP — Bulletin officiel des annonces de marchés publics,france,national-procurement,"Direction de l'information légale et administrative (DILA), Prime Minister's services",government,public,national,https://www.boamp.fr,https://www.boamp.fr/pages/recherche/,,,,award-notice; contract-notice; prior-information-notice,free,no,no,unknown,fr,,active,no,A,2026-08-11
fr-place,PLACE — Plateforme des achats de l'État / Portail des marchés publics,france,national-procurement,"Direction des achats de l'État (DAE), Ministry of Economy; IT build-and-run delegated to Agence pour l'informatique financière de l'État (AIFE)",government,public,national,https://www.marches-publics.gouv.fr,https://www.marches-publics.gouv.fr/?page=Entreprise.EntrepriseAdvancedSearch&AllCons,https://www.marches-publics.gouv.fr/index.php?page=Entreprise.EntrepriseHome&goto=%3Fpage%3DEntreprise.AccueilEntreprise,,,award-notice; contract-notice; electronic-auction; tender,free,yes,unknown,unknown,fr,,active,no,A,2026-08-11
ge-spa-eprocurement,Georgian eProcurement (SPA),georgia,national-procurement,სახელმწიფო შესყიდვების სააგენტო (State Procurement Agency),government,public,national,https://tenders.procurement.gov.ge/,,,,,contract-notice; tender,unknown,unknown,unknown,unknown,ka,,active,yes,B,2026-08-11
de-evergabe-bund,e-Vergabe — Vergabeplattform des Bundes,germany,national-procurement,Beschaffungsamt des Bundesministeriums des Innern,central-purchasing-body,public,national,https://www.evergabe-online.de/,,,,,contract-notice; tender,unknown,unknown,unknown,unknown,de,,active,yes,unknown,2026-08-11
gr-esidis,ESIDIS – National Electronic Public Procurement System (ΕΣΗΔΗΣ / Promitheus),greece,national-procurement,"General Secretariat of Information Systems & Digital Governance, Ministry of Digital Governance (Directorate of ESIDIS Management, Development and Support)",government,public,national,https://portal.eprocurement.gov.gr/esidisportal/,https://nepps-search.eprocurement.gov.gr/actSearch/faces/active_search_main.jspx,,https://nepps.eprocurement.gov.gr/OA_HTML/AppsLocalLogin.jsp,,contract-notice; supplier-registration; tender,free,yes,yes,unknown,el; en,,active,yes,A,2026-08-11
gr-kimdis,KIMDIS – Central Electronic Registry of Public Contracts (ΚΗΜΔΗΣ),greece,national-procurement,"Directorate of Management, Development and Support of ESIDIS (Διεύθυνση Διαχείρισης, Ανάπτυξης και Υποστήριξης ΕΣΗΔΗΣ), Ministry of Digital Governance",government,public,national,https://cerpp.eprocurement.gov.gr/upgkimdis/unprotected/home.xhtml,,,,,award-notice; contract-notice,free,no,no,unknown,el; en,gr-esidis,active,yes,A,2026-08-11
hu-ekr,EKR — Elektronikus Közbeszerzési Rendszer (Electronic Public Procurement System),hungary,national-procurement,Új Világ Nonprofit Szolgáltató Kft. (state-owned; develops and operates EKR in cooperation with the Miniszterelnökség / Prime Minister's Office),state-owned-enterprise,public,national,https://ekr.gov.hu/,,,,,award-notice; contract-notice; framework-agreement; tender,unknown,yes,unknown,unknown,hu,,active,yes,B,2026-08-11
hu-kozbeszerzesi-hatosag-notice,Közbeszerzési Hatóság notice databases — Hirdetménykereső / Közbeszerzési Értesítő (kozbeszerzes.hu),hungary,national-procurement,Közbeszerzési Hatóság (Public Procurement Authority of Hungary),regulator,public,national,https://kozbeszerzes.hu/,https://kozbeszerzes.hu/adatbazis/keres/hirdetmeny/,,,,award-notice; contract-notice; prior-information-notice,free,no,no,unknown,hu,,active,no,A,2026-08-11
is-mercell-tendsign-iceland,Mercell TendSign Iceland (rafrænt útboðskerfi Fjársýslunnar),iceland,national-procurement,Fjársýslan (Financial Management Authority of Iceland),central-purchasing-body,public,national,https://tendsign.is/,,https://tendsign.is/public/register_seller.aspx,,,dynamic-purchasing-system; framework-agreement; tender,unknown,yes,yes,unknown,is,,active,no,A,2026-08-11
is-utbosvefur,Útboðsvefur (utbodsvefur.is) — national tender publication site,iceland,national-procurement,Fjársýslan (Financial Management Authority of Iceland; absorbed Ríkiskaup),central-purchasing-body,public,national,https://utbodsvefur.is/,https://utbodsvefur.is/?s=innkaupakerfi,,,,contract-notice; dynamic-purchasing-system; framework-agreement; rfi; tender,free,no,no,unknown,is,,active,no,A,2026-08-11
is-utbosvefur-reykjavikurborgar,Útboðsvefur Reykjavíkurborgar (City of Reykjavík e-tendering site),iceland,regional-procurement,Reykjavíkurborg (City of Reykjavík),contracting-authority,public,regional,https://utbod.reykjavik.is/,https://utbod.reykjavik.is/aspx/Tenders/Current,https://utbod.reykjavik.is/aspx/Registration,,,tender,free,unknown,unknown,unknown,en; is,,active,yes,B,2026-08-11
ie-etenders,eTenders,ireland,national-procurement,Office of Government Procurement,government,public,national,https://www.etenders.gov.ie/,,,,,award-notice; contract-notice; tender,unknown,unknown,unknown,unknown,en,,active,no,B,2026-08-11
it-anac-piattaforma-di,ANAC Piattaforma di Pubblicità a Valore Legale (PVL) — national legal-publicity notice platform,italy,national-procurement,Autorità Nazionale Anticorruzione (ANAC),regulator,public,national,https://pubblicitalegale.anticorruzione.it,,,,,award-notice; contract-notice,free,no,no,unknown,it,,active,yes,B,2026-08-11
it-acquisti-in-rete,"Acquisti in Rete PA — Consip e-procurement portal (MePA, convenzioni, accordi quadro, SDAPA, gare in ASP)",italy,national-procurement,Consip S.p.A. on behalf of the Ministry of Economy and Finance (MEF),central-purchasing-body,public,national,https://www.acquistinretepa.it,https://www.acquistinretepa.it/opencms/opencms/vetrina_bandi.html,,,,dynamic-purchasing-system; framework-agreement; rfq; supplier-registration; tender,free,yes,yes,yes,en; it,,active,no,A,2026-08-11
xk-e-prokurimi,e-Prokurimi,kosovo,national-procurement,,government,public,national,https://e-prokurimi.rks-gov.net/,,,,,contract-notice; tender,unknown,unknown,unknown,unknown,sq; sr,,active,no,B,2026-08-11
lv-eis,EIS — Elektronisko iepirkumu sistēma (Electronic Procurement System),latvia,national-procurement,"Valsts digitālās attīstības aģentūra (VDAA, State Digital Development Agency; successor of VRAA — Valsts reģionālās attīstības aģentūras Elektronisko iepirkumu departaments)",government,public,national,https://www.eis.gov.lv/,https://www.eis.gov.lv/EKEIS/Supplier,https://www.eis.gov.lv/EIS/Publications/PublicationView.aspx?PublicationId=1203&systemCode=CORE,,,contract-notice; electronic-auction; framework-agreement; tender,free,yes,yes,yes,en; lv,,active,no,A,2026-08-11
lv-iub-publikaciju-vadibas,IUB Publikāciju vadības sistēma (PVS) — notice publication system,latvia,national-procurement,"Iepirkumu uzraudzības birojs (IUB, Procurement Monitoring Bureau)",regulator,public,national,https://pvs.iub.gov.lv/,,,,,award-notice; contract-notice; prior-information-notice,unknown,no,unknown,unknown,lv,,active,yes,B,2026-08-11
lt-cvp-is,"CVP IS — Centrinė viešųjų pirkimų informacinė sistema (new system, mandatory since 2024-12-01)",lithuania,national-procurement,"Viešųjų pirkimų tarnyba (VPT, Public Procurement Office of Lithuania)",regulator,public,national,https://viesiejipirkimai.lt/,https://viesiejipirkimai.lt/epps/prepareCurrentOpportunities.do?currentType=cft,https://viesiejipirkimai.lt/epps/prepareRegisterEOOrg.do?registerEO=true,,,award-notice; contract-notice; tender,free,yes,yes,unknown,en; lt,,active,no,A,2026-08-11
lt-cvpp,CVPP — Centrinis viešųjų pirkimų portalas (Central Public Procurement Portal),lithuania,national-procurement,"Viešųjų pirkimų tarnyba (VPT, Public Procurement Office of Lithuania)",regulator,public,national,https://cvpp.eviesiejipirkimai.lt/,https://cvpp.eviesiejipirkimai.lt/?pageNumber=1&pageSize=20&OrderingType=2&OrderingDirection=1&IncludeExpired=false,,,,award-notice; contract-notice; procurement-plan,free,no,no,unknown,en; lt,,active,no,A,2026-08-11
lu-portail-des-marches,Portail des marchés publics du Grand-Duché de Luxembourg (PMP),luxembourg,national-procurement,Ministère de la Mobilité et des Travaux publics – Département des travaux publics (coordination); hosted by Centre des technologies de l'information de l'État (CTIE),government,public,national,https://pmp.b2g.etat.lu/,https://pmp.b2g.etat.lu/?page=Entreprise.EntrepriseAdvancedSearch&AllCons,,,https://marches.public.lu/fr/procedures/dematerialisation/authentification-signature.html,award-notice; contract-notice; prior-information-notice; tender,free,yes,yes,unknown,de; fr,,active,no,A,2026-08-11
mt-etenders-malta,eTenders Malta – electronic Public Procurement System (ePPS),malta,national-procurement,"Department of Contracts (Ministry for Finance), Government of Malta",government,public,national,https://www.etenders.gov.mt/,https://www.etenders.gov.mt/epps/prepareAdvancedSearch.do?type=cftFTS,https://www.etenders.gov.mt/epps/prepareRegisterEOOrg.do?registerEO=true,https://www.etenders.gov.mt/epps/authenticate/login,,contract-notice; procurement-plan; supplier-registration; tender,free,yes,yes,unknown,en,,active,no,A,2026-08-11
md-achizitii,Achizitii.md,moldova,national-procurement,,private-company,mixed,national,https://achizitii.md/,,,,,contract-notice; supplier-registration; tender,free,yes,yes,unknown,ro; ru,md-mtender,active,no,B,2026-08-11
md-mtender,MTender,moldova,national-procurement,,government,public,national,https://mtender.gov.md/,,,,,contract-notice; tender,free,unknown,unknown,unknown,ro,,active,no,B,2026-08-11
me-cejn,CeJN — Crnogorski elektronski sistem javnih nabavki,montenegro,national-procurement,,government,public,national,https://cejn.gov.me/,,,,,contract-notice; tender,unknown,unknown,unknown,unknown,cnr,,active,yes,unknown,2026-08-11
nl-tenderned,TenderNed,netherlands,national-procurement,,government,public,national,https://www.tenderned.nl/,,,,,contract-notice; tender,unknown,unknown,unknown,unknown,nl,,active,yes,unknown,2026-08-11
mk-esjn,ЕСЈН — Електронски систем за јавни набавки,north-macedonia,national-procurement,,government,public,national,https://e-nabavki.gov.mk/,,,,,contract-notice; tender,unknown,unknown,unknown,unknown,mk,,active,no,B,2026-08-11
no-doffin,Doffin — Database for offentlige innkjøp,norway,national-procurement,"Direktoratet for forvaltning og økonomistyring (DFØ), on behalf of Nærings- og fiskeridepartementet",government,public,national,https://www.doffin.no/,https://www.doffin.no/search,,,,award-notice; contract-notice; dynamic-purchasing-system; framework-agreement; prior-information-notice; tender,free,no,no,unknown,en; nb,,active,yes,A,2026-08-11
pl-ezamowienia,Platforma e-Zamówienia,poland,national-procurement,Urząd Zamówień Publicznych,regulator,public,national,https://ezamowienia.gov.pl/,https://ezamowienia.gov.pl/mp-client/,,,,contract-notice; tender,unknown,unknown,unknown,unknown,pl,,active,yes,B,2026-08-11
pt-base,BASE — Contratos Públicos Online,portugal,national-procurement,"Instituto dos Mercados Públicos, do Imobiliário e da Construção",regulator,public,national,https://www.base.gov.pt/,,,,,award-notice; contract-notice,free,unknown,unknown,unknown,pt; en,,active,no,A,2026-08-11
ro-seap,SEAP / SICAP,romania,national-procurement,Agenția pentru Digitalizarea României,government,public,national,https://www.e-licitatie.ro/,https://www.e-licitatie.ro/pub/notices/contract-notices/list/0/0,,,,award-notice; contract-notice; tender,free,unknown,unknown,unknown,ro,,active,no,A,2026-08-11
rs-portal-javnih-nabavki,Portal javnih nabavki,serbia,national-procurement,Канцеларија за јавне набавке (Public Procurement Office),government,public,national,https://jnportal.ujn.gov.rs/,,,,,contract-notice; tender,unknown,unknown,unknown,unknown,sr,,active,yes,B,2026-08-11
sk-eks,EKS – Elektronický kontraktačný systém (elektronické trhovisko),slovakia,national-procurement,Úrad podpredsedu vlády SR pre Plán obnovy a znalostnú ekonomiku (správca elektronickej platformy; ET/trhovisko is its marketplace component),government,public,national,https://www.eks.sk/,https://eo.eks.sk/Prehlady/ZakazkyVerejnost,https://portal.eks.sk/SpravaDodavatelov/RegistraciaDodavatela/RegistraciaDodavatela,,,framework-agreement; rfq; supplier-registration; tender,free,yes,yes,unknown,sk,,active,no,A,2026-08-11
sk-is-evo,IS EVO – Elektronická platforma verejného obstarávania (EPVO),slovakia,national-procurement,Úrad podpredsedu vlády SR pre Plán obnovy a znalostnú ekonomiku (správca elektronickej platformy),government,public,national,https://www.isepvo.sk/,https://evo.isepvo.sk/evoportal/public/OrderSearch/Index,,,https://evo.isepvo.sk/evoportal/public/DocumentSearch/Index,contract-notice; dynamic-purchasing-system; framework-agreement; tender,free,yes,yes,unknown,sk,,active,no,A,2026-08-11
sk-vestnik-verejneho-obstaravania,Vestník verejného obstarávania (ÚVO portal – notices and registers),slovakia,national-procurement,Úrad pre verejné obstarávanie (ÚVO),regulator,public,national,https://www.uvo.gov.sk/,https://www.uvo.gov.sk/vestnik-a-registre/vestnik,,,,award-notice; contract-notice; prior-information-notice,free,no,no,unknown,sk,,active,no,A,2026-08-11
si-ejn,e-JN — Elektronsko javno naročanje,slovenia,national-procurement,Ministrstvo za javno upravo,government,public,national,https://ejn.gov.si/,,,,,contract-notice; tender,unknown,unknown,unknown,unknown,sl,,active,no,A,2026-08-11
es-plataforma-de-contratacion,Plataforma de Contratación del Sector Público (PLACSP),spain,national-procurement,"Dirección General del Patrimonio del Estado, Ministerio de Hacienda",government,public,national,https://contrataciondelestado.es/wps/portal/plataforma,https://contrataciondelestado.es/wps/portal/licitaciones,,,https://contrataciondelestado.es/wps/portal/guiasAyuda,award-notice; contract-notice; prior-information-notice; tender,free,yes,yes,unknown,ca; en; es; va,,active,no,A,2026-08-11
es-rolecsp-rolece,ROLECSP / ROLECE – Registro Oficial de Licitadores y Empresas Clasificadas del Sector Público,spain,national-procurement,Ministerio de Hacienda (Dirección General del Patrimonio del Estado),government,public,national,https://registrodelicitadores.gob.es/,,https://registrodelicitadores.gob.es/rolece/public/inicio.action,,,supplier-registration,unknown,no,no,unknown,es,,active,yes,B,2026-08-11
se-kommersannons-se,KommersAnnons.se,sweden,national-procurement,Antirio System AB,private-company,public,national,https://www.kommersannons.se/,https://www.kommersannons.se/Notices/TenderNotices,,,,award-notice; itt; prior-information-notice; tender,free,no,unknown,unknown,en; sv,,active,no,A,2026-08-11
se-mercell-annonsdatabas,Mercell Annonsdatabas (TendSign),sweden,national-procurement,Mercell Sverige AB,private-company,public,national,https://app.mercell.com/,https://app.mercell.com/search?filter=delivery_place_code%3ASE,https://tendsign.com/public/register_seller.aspx,https://tendsign.com/,,award-notice; contract-notice; prior-information-notice; tender,free,yes,yes,unknown,sv,,active,yes,B,2026-08-11
se-e-avrop,e-Avrop,sweden,national-procurement,Antirio AB,private-company,public,national,https://www.e-avrop.com/,https://www.e-avrop.com/e-upphandling/Default.aspx,https://www.e-avrop.com/register.aspx,,,award-notice; prior-information-notice; procurement-plan; rfi; tender,free,yes,yes,unknown,en; sv,,active,no,A,2026-08-11
ch-simap,simap.ch,switzerland,national-procurement,,government,public,national,https://www.simap.ch/,,,,,award-notice; contract-notice; tender,unknown,unknown,unknown,unknown,de; fr; it,,active,yes,unknown,2026-08-11
tr-ekap,EKAP — Elektronik Kamu Alımları Platformu,turkey,national-procurement,Kamu İhale Kurumu (Public Procurement Authority),regulator,public,national,https://ekap.kik.gov.tr/,,,,,award-notice; contract-notice; tender,unknown,unknown,unknown,unknown,tr,,active,yes,B,2026-08-11
ua-prozorro,Prozorro,ukraine,national-procurement,"ДП «Прозорро» (State Enterprise Prozorro, Ministry of Economy)",state-owned-enterprise,public,national,https://prozorro.gov.ua/,,,,,award-notice; contract-notice; electronic-auction; tender,free,no,no,unknown,uk; en,,active,yes,A,2026-08-11
ua-smarttender,SmartTender,ukraine,national-procurement,,private-company,mixed,national,https://smarttender.biz/,,,,,contract-notice; electronic-auction; supplier-registration; tender,free,yes,yes,unknown,uk,ua-prozorro,active,no,B,2026-08-11
uk-contracts-finder,Contracts Finder,united-kingdom,national-procurement,,government,public,national,https://www.contractsfinder.service.gov.uk/,https://www.contractsfinder.service.gov.uk/Search/Results,,,,award-notice; contract-notice; prior-information-notice; tender,free,unknown,no,unknown,en,,active,no,A,2026-08-11
uk-digital-marketplace,Digital Marketplace (Apply to Supply),united-kingdom,sector-procurement,Government Commercial Agency (formerly Crown Commercial Service),central-purchasing-body,public,national,https://www.applytosupply.digitalmarketplace.service.gov.uk/,,,,,framework-agreement; supplier-registration,free,unknown,unknown,unknown,en,,active,no,A,2026-08-11
uk-find-a-tender,Find a Tender (FTS) / Central Digital Platform,united-kingdom,national-procurement,,government,public,national,https://www.find-tender.service.gov.uk/,https://www.find-tender.service.gov.uk/Search/Results,,,,award-notice; contract-notice; dynamic-purchasing-system; framework-agreement; prior-information-notice; supplier-registration; tender,free,no,yes,yes,cy; en,,active,no,A,2026-08-11
uk-public-contracts-scotland,Public Contracts Scotland (PCS),united-kingdom,regional-procurement,Scottish Government,government,public,regional,https://www.publiccontractsscotland.gov.uk/,https://www.publiccontractsscotland.gov.uk/Search/Search_MainPage.aspx,https://www.publiccontractsscotland.gov.uk/Register/Register_Start.aspx,,,award-notice; contract-notice; prior-information-notice; supplier-registration; tender,free,unknown,unknown,unknown,en,,active,no,A,2026-08-11
uk-public-contracts-scotland-2,Public Contracts Scotland - Tender (PCS-Tender),united-kingdom,regional-procurement,Scottish Government,government,public,regional,https://www.publictendersscotland.publiccontractsscotland.gov.uk/,,,,,itt; supplier-registration; tender,unknown,yes,yes,unknown,en,uk-public-contracts-scotland,active,no,B,2026-08-11
uk-sell2wales-gwerthwchigymru,Sell2Wales / GwerthwchiGymru,united-kingdom,regional-procurement,Welsh Government,government,public,regional,https://www.sell2wales.gov.wales/,https://www.sell2wales.gov.wales/Search/Search_MainPage.aspx,https://www.sell2wales.gov.wales/Register/Register_Start.aspx,,,award-notice; contract-notice; prior-information-notice; supplier-registration; tender,free,unknown,unknown,unknown,cy; en,,active,no,A,2026-08-11
uk-supplier-registration-service,Supplier Registration Service (Cabinet Office / central government eSourcing),united-kingdom,institutional-procurement,,central-purchasing-body,public,institutional,https://supplierregistration.cabinetoffice.gov.uk/,,,,,framework-agreement; supplier-registration,unknown,unknown,yes,unknown,en,,active,no,B,2026-08-11
uk-esourcing-ni,eSourcing NI,united-kingdom,regional-procurement,,government,public,regional,https://e-sourcingni.ukp.app.jaggaer.com/,,,,,supplier-registration; tender,unknown,yes,yes,unknown,en,,active,no,B,2026-08-11
uk-etenderwales,eTenderWales,united-kingdom,regional-procurement,Welsh Government (Value Wales),government,public,regional,https://etenderwales.ukp.app.jaggaer.com/,,,,,supplier-registration; tender,unknown,yes,unknown,unknown,en,uk-sell2wales-gwerthwchigymru,active,yes,B,2026-08-11
uk-etendersni,eTendersNI,united-kingdom,regional-procurement,Department of Finance (Northern Ireland),government,public,regional,https://etendersni.gov.uk/,https://etendersni.gov.uk/epps/prepareCurrentOpportunities.do?currentType=cft,https://etendersni.gov.uk/epps/prepareRegisterEOOrg.do?registerEO=true,,,award-notice; contract-notice; supplier-registration; tender,free,unknown,yes,unknown,en,,active,no,A,2026-08-11
