id,name,website,country,marketplace_type,also_covers,seller_types,cost,operator,current_status,note
mp-al-duapune,DuaPune,https://www.duapune.com/,albania,jobs,,business,paid,,active,An Albanian job marketplace where employers publish vacancies under their own company name.
mp-al-merrjep,MerrJep,https://www.merrjep.al/,albania,general-classifieds,jobs; property; vehicles,both,freemium,,active,Albania's leading classifieds marketplace.
mp-dz-emploitic,Emploitic,https://emploitic.com/,algeria,jobs,,business,paid,,active,"Algeria's leading job marketplace, where employers hold public company pages."
mp-dz-ouedkniss,Ouedkniss,https://www.ouedkniss.com/,algeria,general-classifieds,jobs; property; vehicles,both,freemium,,active,Algeria's dominant classifieds marketplace.
mp-ar-argenprop,Argenprop,https://www.argenprop.com/,argentina,property,,both,paid,,active,A major Argentine property marketplace where agents hold public listings.
mp-ar-mercadolibre,Mercado Libre Argentina,https://www.mercadolibre.com.ar/,argentina,general-classifieds,vehicles,both,freemium,Mercado Libre,active,"The dominant Argentine marketplace, where sellers hold public storefronts."
mp-ar-zonaprop,Zonaprop,https://www.zonaprop.com.ar/,argentina,property,,both,paid,,active,"Argentina's main property marketplace. [accessibility:2026-08-14] the site loads and serves its own content, checked in a browser."
mp-au-airtasker,Airtasker,https://www.airtasker.com/,australia,services,,both,freemium,,active,"An Australian services marketplace where providers hold public profiles. [accessibility:2026-08-14] the site loads and serves its own content, checked in a browser."
mp-au-graysonline,Grays,https://www.graysonline.com/,australia,auctions,vehicles,both,paid,,unknown,An Australian online auction marketplace for industrial and consumer goods. [accessibility:2026-08-14] an automated browser check was refused by the site (access-denied); a browser check is needed by a person and the status stays unknown.
mp-au-gumtree,Gumtree Australia,https://www.gumtree.com.au/,australia,general-classifieds,jobs; property; vehicles,both,freemium,,unknown,Australia's main general classifieds marketplace. [accessibility:2026-08-14] an automated browser check was refused by the site (access-denied); a browser check is needed by a person and the status stays unknown.
mp-au-pickles,Pickles,https://www.pickles.com.au/,australia,auctions,vehicles,both,paid,,active,An Australian industrial and vehicle auction marketplace.
mp-au-seek,SEEK,https://www.seek.com.au/,australia,jobs,,business,paid,,unknown,"Australia's dominant job marketplace, where employers hold public company pages. [accessibility:2026-08-14] an automated browser check was refused by the site (cloudflare-interstitial); a browser check is needed by a person and the status stays unknown."
mp-au-tradingpost,Trading Post,https://www.tradingpost.com.au/,australia,general-classifieds,vehicles,both,freemium,,unknown,A long-running Australian classifieds marketplace. [accessibility:2026-08-14] an automated browser check was refused by the site (cloudflare-interstitial); a browser check is needed by a person and the status stays unknown.
mp-au-bikesales,bikesales,https://www.bikesales.com.au/,australia,vehicles,,both,paid,,active,An Australian motorcycle marketplace where dealers hold public listings.
mp-au-boatsales,boatsales,https://www.boatsales.com.au/,australia,vehicles,,both,paid,,active,An Australian boat marketplace where dealers hold public listings.
mp-au-carsales,carsales,https://www.carsales.com.au/,australia,vehicles,,both,paid,,unknown,"Australia's main vehicle marketplace, where dealers hold public dealer pages. [accessibility:2026-08-14] an automated browser check was refused by the site (http 403); a browser check is needed by a person and the status stays unknown."
mp-au-ebay,eBay Australia,https://www.ebay.com.au/,australia,auctions,general-classifieds,both,freemium,,active,"The Australian storefront of the eBay marketplace, where businesses hold public seller shops."
mp-au-farmmachinerysales,farmmachinerysales,https://www.farmmachinerysales.com.au/,australia,b2b,vehicles,both,paid,,active,An Australian farm machinery marketplace where dealers hold public listings.
mp-au-realestate,realestate.com.au,https://www.realestate.com.au/,australia,property,,business,paid,,unknown,"Australia's main property marketplace, where agents hold public listings. [accessibility:2026-08-14] an automated browser check was refused by the site (http 429); a browser check is needed by a person and the status stays unknown."
mp-at-bazar,bazar.at,https://www.bazar.at/,austria,general-classifieds,vehicles,both,free,,active,An Austrian free classifieds portal.
mp-at-willhaben,willhaben,https://www.willhaben.at/,austria,general-classifieds,jobs; property; vehicles,both,freemium,,active,"Austria's largest classifieds marketplace, with dedicated commercial seller tooling."
mp-bh-opensooq,OpenSooq Bahrain,https://bh.opensooq.com/,bahrain,general-classifieds,jobs; property; services; vehicles,both,free,OpenSooq,active,"The Bahrain site of OpenSooq, the Arabic-language classifieds platform that says on its own about page that it runs in 20 countries with more than 120 buying and selling sections. It states free ad posting and carries cars, property, jobs and services."
mp-bd-bikroy,Bikroy,https://www.bikroy.com/,bangladesh,general-classifieds,jobs; property; vehicles,both,freemium,,unknown,Bangladesh's leading classifieds marketplace. [accessibility:2026-08-14] an automated browser check was refused by the site (cloudflare-interstitial); a browser check is needed by a person and the status stays unknown.
mp-bd-bproperty,Bproperty,https://www.bproperty.com/,bangladesh,property,,both,paid,,active,"Bangladesh's main property marketplace, where agents hold public listings."
mp-by-kufar,Kufar,https://www.kufar.by/,belarus,general-classifieds,jobs; property; vehicles,both,freemium,,active,Belarus's leading classifieds marketplace.
mp-by-av,av.by,https://www.av.by/,belarus,vehicles,,both,paid,,unknown,The main Belarusian vehicle marketplace. [accessibility:2026-08-14] an automated browser check was refused by the site (http 468); a browser check is needed by a person and the status stays unknown.
mp-be-2dehands,2dehands,https://www.2dehands.be/,belgium,general-classifieds,property; vehicles,both,freemium,Adevinta,active,The main Dutch-language Belgian classifieds marketplace.
mp-be-bizzy-2dehands,Immoweb,https://www.immoweb.be/,belgium,property,,both,paid,,unknown,"The main Belgian property marketplace, where agents hold public listings. [accessibility:2026-08-14] an automated browser check was refused by the site (cloudflare-interstitial); a browser check is needed by a person and the status stays unknown."
mp-ba-mojposao,MojPosao.ba,https://www.mojposao.ba/,bosnia-and-herzegovina,jobs,,business,paid,,active,"The main Bosnian job marketplace, where employers hold public company pages."
mp-ba-olx,OLX Bosnia,https://www.olx.ba/,bosnia-and-herzegovina,general-classifieds,property; vehicles,both,freemium,OLX Group,unknown,The leading Bosnian classifieds marketplace. [accessibility:2026-08-14] an automated browser check was refused by the site (cloudflare-interstitial); a browser check is needed by a person and the status stays unknown.
mp-br-chavesnamao,Chaves na Mão,https://www.chavesnamao.com.br/,brazil,general-classifieds,property; vehicles,both,freemium,,active,A Brazilian classifieds portal covering property and vehicles.
mp-br-enjoei,Enjoei,https://www.enjoei.com.br/,brazil,second-hand,,both,freemium,,active,A Brazilian resale marketplace where sellers hold public shops.
mp-br-imovelweb,ImovelWeb,https://www.imovelweb.com.br/,brazil,property,,both,paid,,unknown,A Brazilian property marketplace where agents hold public listings. [accessibility:2026-08-14] an automated browser check was refused by the site (cloudflare-interstitial); a browser check is needed by a person and the status stays unknown.
mp-br-infojobs,InfoJobs Brasil,https://www.infojobs.com.br/,brazil,jobs,,business,paid,,unknown,A Brazilian job marketplace where employers hold public company pages. [accessibility:2026-08-14] an automated browser check was refused by the site (http 403); a browser check is needed by a person and the status stays unknown.
mp-br-mercadolivre,Mercado Livre Brasil,https://www.mercadolivre.com.br/,brazil,general-classifieds,vehicles,both,freemium,Mercado Libre,active,"The dominant Brazilian marketplace, where sellers hold public storefronts."
mp-br-olx,OLX Brasil,https://www.olx.com.br/,brazil,general-classifieds,property; vehicles,both,freemium,OLX Group,active,"Brazil's largest classifieds marketplace. [accessibility:2026-08-14] the site loads and serves its own content, checked in a browser."
mp-br-quintoandar,QuintoAndar,https://www.quintoandar.com.br/,brazil,property,,both,paid,,active,A Brazilian rental and sales property marketplace.
mp-br-vagas,Vagas.com.br,https://www.vagas.com.br/,brazil,jobs,,business,paid,,active,A major Brazilian job marketplace where employers hold public company pages.
mp-br-vivareal,VivaReal,https://www.vivareal.com.br/,brazil,property,,both,paid,,active,"A major Brazilian property marketplace. [accessibility:2026-08-14] the site loads and serves its own content, checked in a browser."
mp-br-webmotors,Webmotors,https://www.webmotors.com.br/,brazil,vehicles,,both,paid,,active,"Brazil's main vehicle marketplace, where dealers hold public dealer pages. [accessibility:2026-08-14] the site loads and serves its own content, checked in a browser."
mp-br-zapimoveis,ZAP Imóveis,https://www.zapimoveis.com.br/,brazil,property,,both,paid,,active,"A major Brazilian property marketplace where agents hold public listings. [accessibility:2026-08-14] the site loads and serves its own content, checked in a browser."
mp-br-icarros,iCarros,https://www.icarros.com.br/,brazil,vehicles,,both,paid,,unknown,A major Brazilian vehicle marketplace. [accessibility:2026-08-14] an automated browser check was refused by the site (http 403); a browser check is needed by a person and the status stays unknown.
mp-bg-bazar,Bazar.bg,https://www.bazar.bg/,bulgaria,general-classifieds,jobs; property; services; vehicles,both,freemium,,active,"A Bulgarian free classifieds portal covering goods, property, vehicles and jobs."
mp-bg-mobile-bg,Mobile.bg,https://www.mobile.bg/,bulgaria,vehicles,,both,paid,,active,"The main Bulgarian vehicle marketplace, where dealers hold public pages."
mp-bg-olx,OLX Bulgaria,https://www.olx.bg/,bulgaria,general-classifieds,jobs; property; vehicles,both,freemium,OLX Group,active,Bulgaria's leading classifieds marketplace.
mp-kh-bongthom,Bongthom,https://www.bongthom.com/,cambodia,jobs,,business,paid,,active,A Cambodian job marketplace where employers hold public company pages.
mp-kh-khmer24,Khmer24,https://www.khmer24.com/,cambodia,general-classifieds,jobs; property; services; vehicles,both,unknown,,active,Cambodia's leading classifieds marketplace. Cloudflare blocks plain HTTPS requests; the live listings and the publish flow were confirmed in a real browser.
mp-kh-realestate,Realestate.com.kh,https://www.realestate.com.kh/,cambodia,property,,both,unknown,,active,"Cambodia's main property marketplace, where agents and owners publish listings."
mp-ca-autotrader,AutoTrader.ca,https://www.autotrader.ca/,canada,vehicles,,both,paid,,active,"The main Canadian vehicle marketplace, where dealers hold public dealer pages."
mp-ca-bunz,Bunz,https://www.bunz.com/,canada,second-hand,,both,free,,unknown,A Canadian community trading and buy-and-sell marketplace. [accessibility:2026-08-14] an automated browser check was refused by the site (http 403); a browser check is needed by a person and the status stays unknown.
mp-ca-kijiji,Kijiji,https://www.kijiji.ca/,canada,general-classifieds,jobs; property; services; vehicles,both,freemium,Adevinta,active,"Canada's dominant classifieds marketplace, with commercial seller accounts."
mp-ca-lespac,LesPAC,https://www.lespac.com/,canada,general-classifieds,vehicles,both,freemium,,unknown,The main Quebec French-language classifieds marketplace. [accessibility:2026-08-14] an automated browser check was refused by the site (http 403); a browser check is needed by a person and the status stays unknown.
mp-ca-realtor,REALTOR.ca,https://www.realtor.ca/,canada,property,,business,paid,,active,"The main Canadian property marketplace, operated by the national real estate association."
mp-ca-used,Used.ca,https://www.usedvictoria.com/,canada,general-classifieds,vehicles,both,freemium,,active,A regional Canadian classifieds network.
mp-ca-ebay,eBay Canada,https://www.ebay.ca/,canada,auctions,general-classifieds,both,freemium,,active,"The Canadian storefront of the eBay marketplace, where businesses hold public seller shops."
mp-cl-chileautos,Chileautos,https://www.chileautos.cl/,chile,vehicles,,both,paid,,active,"Chile's main vehicle marketplace, where dealers hold public dealer pages."
mp-cl-mercadolibre,Mercado Libre Chile,https://www.mercadolibre.cl/,chile,general-classifieds,vehicles,both,freemium,Mercado Libre,active,"The dominant Chilean marketplace, where sellers hold public storefronts."
mp-cl-portalinmobiliario,Portal Inmobiliario,https://www.portalinmobiliario.com/,chile,property,,both,paid,Mercado Libre,active,"Chile's main property marketplace, now operated within Mercado Libre."
mp-cl-yapo,Yapo.cl,https://www.yapo.cl/,chile,general-classifieds,property; vehicles,both,freemium,,active,Chile's main classifieds marketplace.
mp-cn-1688,1688,https://www.1688.com/,china,b2b,,business,freemium,Alibaba Group,unknown,China's dominant domestic B2B wholesale marketplace. [accessibility:2026-08-14] an automated browser check was refused by the site (captcha); a browser check is needed by a person and the status stays unknown.
mp-cn-58,58.com,https://www.58.com/,china,general-classifieds,jobs; property; services; vehicles,both,freemium,58.com Inc,active,"China's dominant classifieds platform, covering jobs, property, vehicles and local services. Ganji was absorbed into it and now resolves to its login."
mp-cn-aihuishou,AiHuiShou,https://www.aihuishou.com/,china,second-hand,,both,free,,active,A Chinese electronics trade-in and resale marketplace.
mp-cn-pinduoduo,Pinduoduo,https://www.pinduoduo.com/,china,general-classifieds,,business,freemium,,active,A major Chinese consumer marketplace where merchants hold public shops.
mp-cn-taobao,Taobao,https://www.taobao.com/,china,general-classifieds,,both,freemium,Alibaba Group,active,"China's largest consumer marketplace, where sellers hold public shops."
mp-cn-goofish,Xianyu,https://www.goofish.com/,china,second-hand,,both,free,Alibaba Group,active,"China's largest second-hand marketplace, where sellers hold public listings."
mp-cn-zhuanzhuan,Zhuanzhuan,https://www.zhuanzhuan.com/,china,second-hand,,both,freemium,,active,A major Chinese second-hand marketplace with authenticated resale.
mp-co-fincaraiz,Fincaraíz,https://www.fincaraiz.com.co/,colombia,property,,both,paid,,active,"Colombia's main property marketplace, where agents hold public listings."
mp-co-mercadolibre,Mercado Libre Colombia,https://www.mercadolibre.com.co/,colombia,general-classifieds,vehicles,both,freemium,Mercado Libre,active,"The dominant Colombian marketplace, where sellers hold public storefronts."
mp-co-metrocuadrado,Metrocuadrado,https://www.metrocuadrado.com/,colombia,property,,both,paid,,active,A major Colombian property marketplace where agents hold public listings.
mp-co-tucarro,TuCarro,https://www.tucarro.com/,colombia,vehicles,,both,paid,Mercado Libre,active,"Colombia's main vehicle marketplace, where dealers hold public pages."
mp-co-elempleo,elempleo,https://www.elempleo.com/,colombia,jobs,,business,paid,,active,A major Colombian job marketplace where employers hold public company pages.
mp-cr-crautos,CRAutos,https://www.crautos.com/,costa-rica,vehicles,,both,unknown,,active,A long-running Costa Rican vehicle marketplace where private sellers and registered dealers publish listings.
mp-cr-encuentra24,Encuentra24 Costa Rica,https://www.encuentra24.com/costa-rica-es/,costa-rica,general-classifieds,jobs; property; vehicles,both,freemium,Encuentra24,active,"The Costa Rica section of the leading Central American classifieds marketplace, carrying property, vehicle, job and general listings."
mp-hr-mojposao,MojPosao,https://mojposao.hr/,croatia,jobs,,business,paid,,active,"The main Croatian job marketplace, where employers hold public company profiles."
mp-hr-njuskalo,Njuskalo,https://www.njuskalo.hr/,croatia,general-classifieds,property; vehicles,both,freemium,,active,Croatia's largest classifieds marketplace.
mp-cu-revolico,Revolico,https://www.revolico.com/,cuba,general-classifieds,property; services; vehicles,both,freemium,,active,Cuba's dominant classifieds marketplace. Cloudflare blocks plain HTTPS requests; the live listings and the publish flow were confirmed in a real browser.
mp-cy-bazaraki,Bazaraki,https://www.bazaraki.com/,cyprus,general-classifieds,property; vehicles,both,freemium,,active,"Cyprus's main classifieds marketplace. [accessibility:2026-08-14] the site loads and serves its own content, checked in a browser."
mp-cy-ergodotisi,Ergodotisi,https://ergodotisi.com/,cyprus,jobs,,business,paid,,active,A Cypriot job marketplace where employers publish vacancies under their own company name.
mp-cz-annonce,Annonce.cz,https://www.annonce.cz/,czech-republic,general-classifieds,property; vehicles,both,freemium,,active,A long-running Czech classifieds portal.
mp-cz-aukro,Aukro,https://www.aukro.cz/,czech-republic,auctions,general-classifieds,both,freemium,,active,"The main Czech auction marketplace, where businesses hold seller shops."
mp-cz-bazos,Bazos.cz,https://www.bazos.cz/,czech-republic,general-classifieds,property; vehicles,both,freemium,,active,The dominant Czech free classifieds board.
mp-cz-hyperinzerce,Hyperinzerce,https://www.hyperinzerce.cz/,czech-republic,general-classifieds,property; vehicles,both,free,,active,A Czech free classifieds portal.
mp-cz-sbazar,Sbazar,https://www.sbazar.cz/,czech-republic,general-classifieds,,both,freemium,Seznam.cz,active,A major Czech classifieds marketplace operated by Seznam.
mp-dk-bilbasen,Bilbasen,https://www.bilbasen.dk/,denmark,vehicles,,both,paid,,active,"The main Danish vehicle marketplace, where dealers hold public dealer pages."
mp-dk-boligsiden,Boligsiden,https://www.boligsiden.dk/,denmark,property,,business,paid,,active,"Denmark's main property marketplace, where estate agents hold public listings. [accessibility:2026-08-14] the site loads and serves its own content, checked in a browser."
mp-dk-dba,DBA,https://www.dba.dk/,denmark,general-classifieds,vehicles,both,freemium,,active,A major Danish classifieds marketplace.
mp-dk-jobindex,Jobindex,https://www.jobindex.dk/,denmark,jobs,,business,paid,,active,"Denmark's main job marketplace, where employers hold public workplace pages."
mp-do-lapulga,La Pulga Virtual,https://www.lapulga.com.do/,dominican-republic,general-classifieds,property; vehicles,both,freemium,,active,A Dominican general classifieds marketplace: free listings with paid promotion slots.
mp-do-supercarros,SuperCarros,https://www.supercarros.com/,dominican-republic,vehicles,,both,unknown,,active,"The Dominican Republic's main vehicle marketplace, with a separate dealer product alongside private listings."
mp-cd-jiji,Jiji DR Congo,https://jiji.cd/,dr-congo,general-classifieds,property; vehicles,both,freemium,Jiji Group,unknown,The DR Congo arm of the Jiji classifieds network. [accessibility:2026-08-14] an automated browser check was refused by the site (cloudflare-interstitial); a browser check is needed by a person and the status stays unknown.
mp-eg-aqarmap,Aqarmap,https://aqarmap.com.eg/,egypt,property,,both,paid,,active,A major Egyptian property marketplace where agents hold public listings.
mp-eg-dubizzle,Dubizzle Egypt,https://www.dubizzle.com.eg/,egypt,general-classifieds,jobs; property; vehicles,both,freemium,Dubizzle Group,active,"Egypt's dominant classifieds marketplace. OLX Egypt was rebranded into it and olx.com.eg now redirects here. [accessibility:2026-08-14] the site loads and serves its own content, checked in a browser."
mp-eg-hatla2ee,Hatla2ee,https://www.hatla2ee.com/,egypt,vehicles,,both,freemium,,active,"Egypt's main vehicle marketplace. [accessibility:2026-08-14] the site loads and serves its own content, checked in a browser."
mp-eg-jumia,Jumia Egypt,https://www.jumia.com.eg/,egypt,general-classifieds,,business,paid,Jumia Group,unknown,The Egyptian storefront of Africa's largest online marketplace. [accessibility:2026-08-14] an automated browser check was refused by the site (cloudflare-interstitial); a browser check is needed by a person and the status stays unknown.
mp-eg-propertyfinder,Property Finder Egypt,https://www.propertyfinder.eg/,egypt,property,,both,paid,,active,The Egyptian arm of a major Middle East property marketplace.
mp-eg-wuzzuf,Wuzzuf,https://wuzzuf.net/,egypt,jobs,,business,paid,,active,"Egypt's leading job marketplace, where employers hold public company pages."
mp-sv-encuentra24,Encuentra24 El Salvador,https://www.encuentra24.com/el-salvador-es/,el-salvador,general-classifieds,jobs; property; vehicles,both,freemium,Encuentra24,active,"The El Salvador section of the leading Central American classifieds marketplace, carrying property, vehicle, job and general listings."
mp-ee-auto24,Auto24.ee,https://www.auto24.ee/,estonia,vehicles,,both,paid,,active,"The main Estonian vehicle marketplace. [accessibility:2026-08-14] the site loads and serves its own content, checked in a browser."
mp-ee-kv,KV.ee,https://www.kv.ee/,estonia,property,,both,paid,,active,"The main Estonian property marketplace. [accessibility:2026-08-14] the site loads and serves its own content, checked in a browser."
mp-ee-soov,Soov.ee,https://www.soov.ee/,estonia,general-classifieds,,both,freemium,,active,"An Estonian general classifieds marketplace. [accessibility:2026-08-14] the site loads and serves its own content, checked in a browser."
mp-et-engocha,Engocha,https://www.engocha.com/,ethiopia,general-classifieds,property; vehicles,both,freemium,,unknown,An Ethiopian classifieds marketplace. [accessibility:2026-08-14] an automated browser check was refused by the site (cloudflare-interstitial); a browser check is needed by a person and the status stays unknown.
mp-et-ethiojobs,Ethiojobs,https://ethiojobs.net/,ethiopia,jobs,,business,paid,,active,"Ethiopia's leading job marketplace, where employers hold public company pages."
mp-et-jiji,Jiji Ethiopia,https://jiji.com.et/,ethiopia,general-classifieds,property; vehicles,both,freemium,Jiji Group,unknown,Ethiopia's leading classifieds marketplace. [accessibility:2026-08-14] an automated browser check was refused by the site (cloudflare-interstitial); a browser check is needed by a person and the status stays unknown.
mp-fi-huuto,Huuto.net,https://www.huuto.net/,finland,auctions,second-hand,both,unknown,,active,"A long-running Finnish auction and buy-now marketplace where sellers hold public listings. [accessibility:2026-08-14] the site loads and serves its own content, checked in a browser."
mp-fi-nettiauto,Nettiauto,https://www.nettiauto.com/,finland,vehicles,,both,unknown,,active,"Finland's main vehicle marketplace, where dealers hold public dealer pages alongside private listings."
mp-fi-oikotie,Oikotie Asunnot,https://asunnot.oikotie.fi/,finland,property,,both,unknown,,active,"Finland's main property marketplace, where estate agents and private sellers publish listings."
mp-fi-tori,Tori,https://www.tori.fi/,finland,general-classifieds,property; vehicles,both,freemium,,active,Finland's dominant classifieds marketplace.
mp-fr-paruvendu,ParuVendu,https://www.paruvendu.fr/,france,general-classifieds,jobs; property; vehicles,both,freemium,,active,A French classifieds portal for private and professional advertisers.
mp-fr-vinted,Vinted,https://www.vinted.fr/,france,fashion-resale,,private,free,Vinted UAB,active,A pan-European second-hand fashion marketplace. Primarily private sellers.
mp-fr-leboncoin,leboncoin,https://www.leboncoin.fr/,france,general-classifieds,jobs; property; vehicles,both,freemium,Adevinta,active,"France's dominant classifieds marketplace, with professional seller sections."
mp-de-hood,Hood.de,https://www.hood.de/,germany,auctions,general-classifieds,both,freemium,,active,A German auction and fixed-price marketplace where businesses hold seller shops.
mp-de-kleinanzeigen,Kleinanzeigen,https://www.kleinanzeigen.de/,germany,general-classifieds,jobs; property; services; vehicles,both,freemium,Adevinta,active,"Germany's dominant classifieds site, formerly eBay Kleinanzeigen. Business sellers get a commercial seller account."
mp-de-quoka,Quoka,https://www.quoka.de/,germany,general-classifieds,property; vehicles,both,freemium,,active,A long-running German free classifieds portal.
mp-de-kalaydo,kalaydo.de,https://www.kalaydo.de/,germany,jobs,general-classifieds; property; vehicles,both,freemium,,active,A German regional classifieds and job portal run with regional newspapers.
mp-de-markt-de,markt.de,https://www.markt.de/,germany,general-classifieds,jobs; property; services,both,freemium,,active,"A German classifieds portal covering goods, services and jobs."
mp-gh-jiji,Jiji Ghana,https://jiji.com.gh/,ghana,general-classifieds,jobs; property; services; vehicles,both,freemium,Jiji Group,active,The Ghanaian arm of the Jiji classifieds network. Cloudflare blocks plain HTTPS requests; the live listings were confirmed in a real browser.
mp-gh-jobberman,Jobberman Ghana,https://www.jobberman.com.gh/,ghana,jobs,,business,paid,,active,"Ghana's leading job marketplace, where employers hold public company pages. A separate site and account from Jobberman Nigeria."
mp-gh-tonaton,Tonaton,https://tonaton.com/,ghana,general-classifieds,jobs; property; services; vehicles,both,freemium,,active,Ghana's largest general classifieds marketplace. Cloudflare blocks plain HTTPS requests; the live category counts were confirmed in a real browser.
mp-gh-meqasa,meQasa,https://meqasa.com/,ghana,property,,both,paid,,active,"Ghana's main property marketplace, where agents and developers hold public listings."
mp-gr-car-gr,Car.gr,https://www.car.gr/,greece,vehicles,general-classifieds,both,freemium,,active,"The main Greek vehicle marketplace. [accessibility:2026-08-14] the site loads and serves its own content, checked in a browser."
mp-gr-xe,XE.gr,https://www.xe.gr/,greece,general-classifieds,jobs; property; vehicles,both,freemium,,unknown,"A leading Greek classifieds portal for property, vehicles and jobs. [accessibility:2026-08-14] an automated browser check was refused by the site (http 405); a browser check is needed by a person and the status stays unknown."
mp-gt-encuentra24,Encuentra24 Guatemala,https://www.encuentra24.com/guatemala-es/,guatemala,general-classifieds,jobs; property; vehicles,both,freemium,Encuentra24,active,"The Guatemala section of the leading Central American classifieds marketplace, carrying property, vehicle, job and general listings."
mp-gt-tecoloco,Tecoloco Guatemala,https://www.tecoloco.com.gt/,guatemala,jobs,,business,paid,Tecoloco,active,A Guatemalan job marketplace where employers hold public company pages.
mp-hn-encuentra24,Encuentra24 Honduras,https://www.encuentra24.com/honduras-es/,honduras,general-classifieds,jobs; property; vehicles,both,freemium,Encuentra24,active,"The Honduras section of the leading Central American classifieds marketplace, carrying property, vehicle, job and general listings."
mp-hn-tecoloco,Tecoloco Honduras,https://www.tecoloco.com.hn/,honduras,jobs,,business,paid,Tecoloco,active,A Honduran job marketplace where employers hold public company pages.
mp-hk-28hse,28Hse,https://www.28hse.com/,hong-kong,property,,both,paid,,active,A major Hong Kong property marketplace where agents hold public listings.
mp-hk-carousell,Carousell Hong Kong,https://www.carousell.com.hk/,hong-kong,general-classifieds,property; vehicles,both,freemium,Carousell Group,unknown,The Hong Kong arm of a Southeast Asian classifieds marketplace. [accessibility:2026-08-14] an automated browser check was refused by the site (cloudflare-interstitial); a browser check is needed by a person and the status stays unknown.
mp-hk-dcfever,DCFever,https://www.dcfever.com/,hong-kong,general-classifieds,,both,freemium,,active,A Hong Kong technology community with an active second-hand trading marketplace.
mp-hk-squarefoot,Squarefoot,https://www.squarefoot.com.hk/,hong-kong,property,,both,paid,,active,A Hong Kong property marketplace where agents hold public listings.
mp-hu-hasznaltauto,Hasznaltauto,https://www.hasznaltauto.hu/,hungary,vehicles,,both,paid,,unknown,"The main Hungarian vehicle marketplace, where dealers hold public pages. [accessibility:2026-08-14] an automated browser check was refused by the site (cloudflare-interstitial); a browser check is needed by a person and the status stays unknown."
mp-hu-jofogas,Jofogas,https://www.jofogas.hu/,hungary,general-classifieds,property; vehicles,both,freemium,,active,Hungary's leading classifieds marketplace.
mp-hu-vatera,Vatera,https://www.vatera.hu/,hungary,auctions,general-classifieds,both,freemium,,active,A Hungarian auction and marketplace site with seller shops.
mp-is-alfred,Alfreð,https://www.alfred.is/,iceland,jobs,,business,paid,,active,"Iceland's main job marketplace, where employers hold public workplace pages."
mp-is-bland,Bland.is,https://www.bland.is/,iceland,general-classifieds,,both,freemium,,active,Iceland's main classifieds marketplace.
mp-is-bilasolur,Bílasölur,https://bilasolur.is/,iceland,vehicles,,both,unknown,,active,"Iceland's main vehicle marketplace, aggregating the listings of registered dealerships alongside private sellers."
mp-in-99acres,99acres,https://www.99acres.com/,india,property,,both,paid,,unknown,A major Indian property marketplace. [accessibility:2026-08-14] an automated browser check was refused by the site (access-denied); a browser check is needed by a person and the status stays unknown.
mp-in-cardekho,CarDekho,https://www.cardekho.com/,india,vehicles,,both,paid,,active,A major Indian vehicle marketplace where dealers hold public pages.
mp-in-cars24,Cars24,https://www.cars24.com/,india,vehicles,,both,freemium,,active,An Indian used-vehicle marketplace.
mp-in-housing,Housing.com,https://www.housing.com/,india,property,,both,paid,,active,"An Indian property marketplace. [accessibility:2026-08-14] the site loads and serves its own content, checked in a browser."
mp-in-magicbricks,Magicbricks,https://www.magicbricks.com/,india,property,,both,paid,,active,"A major Indian property marketplace. [accessibility:2026-08-14] the site loads and serves its own content, checked in a browser."
mp-in-quikr,Quikr,https://www.quikr.com/,india,general-classifieds,jobs; property; services; vehicles,both,freemium,,active,"A major Indian classifieds platform covering goods, jobs, property and services."
mp-in-spinny,Spinny,https://www.spinny.com/,india,vehicles,,both,freemium,,active,An Indian used-vehicle marketplace.
mp-id-mobil123,Mobil123,https://www.mobil123.com/,indonesia,vehicles,,both,paid,,active,"An Indonesian vehicle marketplace where dealers hold public pages. [accessibility:2026-08-14] the site loads and serves its own content, checked in a browser."
mp-id-rumah123,Rumah123,https://www.rumah123.com/,indonesia,property,,both,paid,,active,A major Indonesian property marketplace where agents hold public listings.
mp-ie-adverts,Adverts.ie,https://www.adverts.ie/,ireland,general-classifieds,,both,freemium,,unknown,An Irish general classifieds marketplace. [accessibility:2026-08-14] an automated browser check was refused by the site (cloudflare-interstitial); a browser check is needed by a person and the status stays unknown.
mp-ie-carzone,Carzone,https://www.carzone.ie/,ireland,vehicles,,both,paid,,unknown,"The main Irish vehicle marketplace, where dealers hold public pages. [accessibility:2026-08-14] an automated browser check was refused by the site (cloudflare-interstitial); a browser check is needed by a person and the status stays unknown."
mp-ie-daft,Daft.ie,https://www.daft.ie/,ireland,property,,both,paid,,active,"The main Irish property marketplace, where agents hold public listings. [accessibility:2026-08-14] the site loads and serves its own content, checked in a browser."
mp-ie-donedeal,DoneDeal,https://www.donedeal.ie/,ireland,general-classifieds,property; vehicles,both,freemium,,active,"Ireland's largest classifieds marketplace. [accessibility:2026-08-14] the site loads and serves its own content, checked in a browser."
mp-il-ad,ad.co.il,https://www.ad.co.il/,israel,general-classifieds,property; vehicles,both,unknown,,active,"An Israeli classifieds board covering second-hand goods, property for sale and rent, and vehicles, with an open ""add a listing"" flow. Brokerage agencies list alongside private sellers; the cost of publishing is not stated."
mp-it-subito,Subito,https://www.subito.it/,italy,general-classifieds,jobs; property; vehicles,both,freemium,Adevinta,active,"Italy's dominant classifieds marketplace, with professional seller accounts."
mp-jm-jacars,Jacars.net,https://www.jacars.net/,jamaica,vehicles,,both,freemium,,active,"A Jamaican vehicle marketplace covering cars, commercial vehicles and parts. [accessibility:2026-08-14] the site loads and serves its own content, checked in a browser."
mp-jm-jco,Jamaica Classified Online,https://jamaicaclassifiedonline.com/,jamaica,general-classifieds,jobs; property; vehicles,both,freemium,,active,A Jamaican general classifieds marketplace with free listings and paid promoted placements. Cloudflare blocks plain HTTPS requests; the live listings were confirmed in a real browser.
mp-jp-carsensor,Carsensor,https://www.carsensor.net/,japan,vehicles,,both,paid,,active,A major Japanese vehicle marketplace where dealers hold public pages.
mp-jp-goonet,Goo-net,https://www.goo-net.com/,japan,vehicles,,both,paid,,active,"A major Japanese vehicle marketplace where dealers hold public pages. [accessibility:2026-08-14] the site loads and serves its own content, checked in a browser."
mp-jp-jmty,Jimoty,https://jmty.jp/,japan,general-classifieds,jobs; property; services,both,free,,active,Japan's main free local classifieds board.
mp-jp-suumo,SUUMO,https://suumo.jp/,japan,property,,business,paid,,active,"Japan's largest property marketplace, where agents hold public listings."
mp-jp-yahoo-auctions,Yahoo! Auctions Japan,https://auctions.yahoo.co.jp/,japan,auctions,general-classifieds,both,freemium,,unknown,"Japan's largest auction marketplace, where sellers hold public listings. [accessibility:2026-08-14] an automated browser check was refused by the site (http 403); a browser check is needed by a person and the status stays unknown."
mp-jp-athome,at home,https://www.athome.co.jp/,japan,property,,business,paid,,active,A major Japanese property marketplace where agents hold public listings.
mp-jo-opensooq,OpenSooq Jordan,https://jo.opensooq.com/,jordan,general-classifieds,jobs; property; services; vehicles,both,free,OpenSooq,active,"The Jordan site of OpenSooq, the Arabic-language classifieds platform that says on its own about page that it runs in 20 countries with more than 120 buying and selling sections. It states free ad posting and carries cars, property, jobs and services."
mp-ke-brightermonday,BrighterMonday,https://www.brightermonday.co.ke/,kenya,jobs,,business,paid,,active,"Kenya's leading job marketplace, where employers hold public company pages."
mp-ke-buyrentkenya,BuyRentKenya,https://www.buyrentkenya.com/,kenya,property,,both,paid,,active,A major Kenyan property marketplace where agents hold public listings.
mp-ke-jiji,Jiji Kenya,https://jiji.co.ke/,kenya,general-classifieds,jobs; property; vehicles,both,freemium,Jiji Group,unknown,Kenya's largest classifieds marketplace. [accessibility:2026-08-14] an automated browser check was refused by the site (cloudflare-interstitial); a browser check is needed by a person and the status stays unknown.
mp-ke-jumia,Jumia Kenya,https://www.jumia.co.ke/,kenya,general-classifieds,,business,paid,Jumia Group,unknown,The Kenyan storefront of Africa's largest online marketplace. [accessibility:2026-08-14] an automated browser check was refused by the site (cloudflare-interstitial); a browser check is needed by a person and the status stays unknown.
mp-ke-kilimall,Kilimall,https://www.kilimall.co.ke/,kenya,general-classifieds,,business,paid,,active,A Kenyan online marketplace where merchants hold public storefronts.
mp-ke-pigiame,PigiaMe,https://www.pigiame.co.ke/,kenya,general-classifieds,jobs; property; vehicles,both,freemium,,unknown,A Kenyan classifieds marketplace. [accessibility:2026-08-14] an automated browser check was refused by the site (cloudflare-interstitial); a browser check is needed by a person and the status stays unknown.
mp-ke-property24,Property24 Kenya,https://www.property24.co.ke/,kenya,property,,both,paid,,active,The Kenyan arm of a major African property marketplace.
mp-xk-merrjep,MerrJep Kosovo,https://www.merrjep.com/,kosovo,general-classifieds,jobs; property; vehicles,both,freemium,,active,"Kosovo's leading classifieds marketplace, where businesses can also open a shop. A separate site and account from MerrJep.al in Albania."
mp-kw-opensooq,OpenSooq Kuwait,https://kw.opensooq.com/,kuwait,general-classifieds,jobs; property; services; vehicles,both,free,OpenSooq,active,"The Kuwait site of OpenSooq, the Arabic-language classifieds platform that says on its own about page that it runs in 20 countries with more than 120 buying and selling sections. It states free ad posting and carries cars, property, jobs and services."
mp-lv-cv,CV.lv,https://www.cv.lv/,latvia,jobs,,business,paid,,active,"Latvia's main job marketplace, where employers hold public company pages."
mp-lv-ss,SS.COM,https://www.ss.com/,latvia,general-classifieds,jobs; property; vehicles,both,freemium,,active,"Latvia's dominant classifieds portal, covering goods, property, vehicles and jobs."
mp-lb-opensooq,OpenSooq Lebanon,https://lb.opensooq.com/,lebanon,general-classifieds,jobs; property; services; vehicles,both,free,OpenSooq,active,"The Lebanon site of OpenSooq, the Arabic-language classifieds platform that says on its own about page that it runs in 20 countries with more than 120 buying and selling sections. It states free ad posting and carries cars, property, jobs and services."
mp-lt-aruodas,Aruodas.lt,https://www.aruodas.lt/,lithuania,property,,both,paid,,active,"The main Lithuanian property marketplace, where agents hold public listings."
mp-lt-autoplius,Autoplius.lt,https://www.autoplius.lt/,lithuania,vehicles,,both,paid,,active,"The main Lithuanian vehicle marketplace, where dealers hold public pages."
mp-lt-skelbiu,Skelbiu.lt,https://www.skelbiu.lt/,lithuania,general-classifieds,property; services; vehicles,both,freemium,,active,Lithuania's most visited classifieds portal.
mp-lu-luxauto,LuxAuto,https://www.luxauto.lu/,luxembourg,vehicles,,both,paid,,active,A Luxembourg vehicle marketplace where dealers hold public listings.
mp-lu-athome,atHome.lu,https://www.athome.lu/,luxembourg,property,,both,paid,,active,"The main Luxembourg property marketplace, where agents hold public listings."
mp-my-carlist,Carlist.my,https://www.carlist.my/,malaysia,vehicles,,both,freemium,,active,"Malaysia's main vehicle marketplace. [accessibility:2026-08-14] the site loads and serves its own content, checked in a browser."
mp-my-carousell,Carousell Malaysia,https://www.carousell.com.my/,malaysia,general-classifieds,,both,freemium,Carousell Group,unknown,The Malaysian arm of a Southeast Asian classifieds marketplace. [accessibility:2026-08-14] an automated browser check was refused by the site (cloudflare-interstitial); a browser check is needed by a person and the status stays unknown.
mp-my-mudah,Mudah.my,https://www.mudah.my/,malaysia,general-classifieds,property; vehicles,both,freemium,,active,Malaysia's largest classifieds marketplace.
mp-my-iproperty,iProperty Malaysia,https://www.iproperty.com.my/,malaysia,property,,business,paid,,active,"Malaysia's main property marketplace, where agents hold public listings. [accessibility:2026-08-14] the site loads and serves its own content, checked in a browser."
mp-mt-keepmeposted,Keepmeposted,https://keepmeposted.com.mt/,malta,jobs,,business,paid,,active,A Maltese job marketplace where employers publish vacancies and training courses.
mp-mt-maltapark,Maltapark,https://www.maltapark.com/,malta,general-classifieds,property; vehicles,both,freemium,,active,Malta's main classifieds marketplace.
mp-mx-autocosmos,Autocosmos México,https://www.autocosmos.com.mx/,mexico,vehicles,,both,paid,,active,A Mexican vehicle marketplace and information portal with dealer listings.
mp-mx-inmuebles24,Inmuebles24,https://www.inmuebles24.com/,mexico,property,,both,paid,,unknown,"Mexico's main property marketplace, which absorbed Segundamano's audience. [accessibility:2026-08-14] an automated browser check was refused by the site (cloudflare-interstitial); a browser check is needed by a person and the status stays unknown."
mp-mx-kavak,Kavak,https://www.kavak.com/,mexico,vehicles,,both,freemium,,active,A Latin American used-vehicle marketplace originating in Mexico.
mp-mx-mercadolibre,Mercado Libre México,https://www.mercadolibre.com.mx/,mexico,general-classifieds,vehicles,both,freemium,Mercado Libre,active,"The dominant Mexican marketplace, where sellers hold public storefronts."
mp-mx-seminuevos,Seminuevos,https://www.seminuevos.com/,mexico,vehicles,,both,paid,,active,A Mexican used-vehicle marketplace where dealers hold public listings.
mp-mx-vivanuncios,Vivanuncios,https://www.vivanuncios.com.mx/,mexico,general-classifieds,property; vehicles,both,freemium,,unknown,A major Mexican classifieds marketplace. [accessibility:2026-08-14] an automated browser check was refused by the site (cloudflare-interstitial); a browser check is needed by a person and the status stays unknown.
mp-md-999,999.md,https://www.999.md/,moldova,general-classifieds,jobs; property; vehicles,both,freemium,,active,Moldova's dominant classifieds marketplace.
mp-md-makler,Makler.md,https://www.makler.md/,moldova,general-classifieds,property; vehicles,both,freemium,,active,A Moldovan classifieds portal.
mp-me-oglasicg,OglasiCG,https://www.oglasicg.me/,montenegro,general-classifieds,property; vehicles,both,free,,active,A Montenegrin general classifieds marketplace which states that listing is free.
mp-me-pazar3,Pazar3.me,https://www.pazar3.me/,montenegro,general-classifieds,jobs; property; vehicles,both,freemium,,active,"Montenegro's largest classifieds marketplace, where businesses can also open a shop. A separate site and account from Pazar3.mk in North Macedonia; mojtrg.me redirects here."
mp-ma-marocannonces,MarocAnnonces,https://www.marocannonces.com/,morocco,general-classifieds,jobs; property,both,unknown,,active,"A long-running Moroccan classifieds site carrying job offers and job requests, property and general goods, with listings posted the same day. Employers and private individuals both publish; the cost of publishing is not stated."
mp-ma-moteur,Moteur.ma,https://www.moteur.ma/,morocco,vehicles,,both,free,,active,"A Moroccan vehicle marketplace for new and used cars, motorcycles and trucks, which calls itself the largest automotive platform in Morocco. It states that posting a listing is free, and runs a separate advertiser registration for dealers and rental agencies."
mp-ma-mubawab,Mubawab,https://www.mubawab.ma/,morocco,property,,both,unknown,,active,"A Moroccan property marketplace that calls itself the country’s leading property site, covering sale, rental and holiday lets. It offers both a personal account for publishing a listing and a separate business registration; the cost of either is not stated."
mp-mm-carsdb,CarsDB,https://www.carsdb.com/,myanmar,vehicles,,both,unknown,,active,"Myanmar's main vehicle marketplace, carrying dealer and private listings."
mp-mm-jobnet,JobNet,https://www.jobnet.com.mm/,myanmar,jobs,,business,paid,,active,A Myanmar job marketplace where employers hold public company pages.
mp-mm-shop,Shop.com.mm,https://www.shop.com.mm/,myanmar,general-classifieds,,business,unknown,,active,"Myanmar's largest online marketplace, where merchants hold public storefronts."
mp-mm-imyanmarhouse,iMyanmarHouse,https://www.imyanmarhouse.com/,myanmar,property,,both,unknown,,active,"Myanmar's main property marketplace, where agencies and owners publish listings."
mp-na-namcars,NamCars,https://www.namcars.net/,namibia,vehicles,,both,unknown,,active,"Namibia's main vehicle marketplace, carrying the stock of around sixty dealerships alongside private listings."
mp-nl-marktplaats,Marktplaats,https://www.marktplaats.nl/,netherlands,general-classifieds,jobs; property; vehicles,both,freemium,Adevinta,active,"The dominant Dutch classifieds marketplace, with commercial seller accounts."
mp-nl-speurders,Speurders,https://www.speurders.nl/,netherlands,general-classifieds,,both,freemium,,active,"A Dutch classifieds portal. [accessibility:2026-08-14] the site loads and serves its own content, checked in a browser."
mp-nz-autotrader,Auto Trader NZ,https://www.autotrader.co.nz/,new-zealand,vehicles,,both,freemium,,active,"A New Zealand vehicle marketplace of over 40 years standing, carrying used, new, electric, hybrid and commercial vehicles. It states that a private listing is free with no success or sale fees and stays live until removed, while dealers buy a tailored advertising package."
mp-nz-oneroof,OneRoof,https://www.oneroof.co.nz/,new-zealand,property,,business,unknown,,active,"A New Zealand property marketplace covering residential, new-build, commercial and rural listings as well as businesses for sale. Listings reach it through real-estate agencies, which it surfaces in a find-an-agent directory; no private-seller route and no published price were found."
mp-ni-encuentra24,Encuentra24 Nicaragua,https://www.encuentra24.com/nicaragua-es/,nicaragua,general-classifieds,jobs; property; vehicles,both,freemium,Encuentra24,active,"The Nicaragua section of the leading Central American classifieds marketplace, carrying property, vehicle, job and general listings."
mp-global-autochek,Autochek,https://www.autochek.africa/,nigeria,vehicles,,both,freemium,,active,A pan-African vehicle marketplace which absorbed the Cheki classifieds network.
mp-ng-cars45,Cars45,https://cars45.com/,nigeria,vehicles,,both,freemium,,unknown,A Nigerian used-vehicle marketplace. [accessibility:2026-08-14] an automated browser check was refused by the site (cloudflare-interstitial); a browser check is needed by a person and the status stays unknown.
mp-global-coinafrique,CoinAfrique,https://www.coinafrique.com/,nigeria,general-classifieds,property; vehicles,both,freemium,,active,A pan-African classifieds marketplace covering francophone and anglophone markets.
mp-ng-jiji,Jiji Nigeria,https://jiji.ng/,nigeria,general-classifieds,jobs; property; services; vehicles,both,freemium,Jiji Group,unknown,Nigeria's largest classifieds marketplace. [accessibility:2026-08-14] an automated browser check was refused by the site (cloudflare-interstitial); a browser check is needed by a person and the status stays unknown.
mp-ng-jobberman,Jobberman,https://www.jobberman.com/,nigeria,jobs,,business,paid,,active,"Nigeria's leading job marketplace, where employers hold public company pages."
mp-ng-jumia,Jumia Nigeria,https://www.jumia.com.ng/,nigeria,general-classifieds,,business,paid,Jumia Group,unknown,"Africa's largest online marketplace, where sellers hold public storefronts. [accessibility:2026-08-14] an automated browser check was refused by the site (cloudflare-interstitial); a browser check is needed by a person and the status stays unknown."
mp-ng-konga,Konga,https://www.konga.com/,nigeria,general-classifieds,,business,paid,,active,A major Nigerian online marketplace where merchants hold public storefronts.
mp-ng-myjobmag,MyJobMag,https://www.myjobmag.com/,nigeria,jobs,,business,freemium,,active,A Nigerian job marketplace where employers hold public company pages.
mp-ng-npc,Nigeria Property Centre,https://nigeriapropertycentre.com/,nigeria,property,,both,paid,,unknown,A major Nigerian property marketplace. [accessibility:2026-08-14] an automated browser check was refused by the site (cloudflare-interstitial); a browser check is needed by a person and the status stays unknown.
mp-ng-propertypro,PropertyPro.ng,https://www.propertypro.ng/,nigeria,property,,both,paid,,unknown,A major Nigerian property marketplace where agents hold public listings. ToLet.com.ng was absorbed into it and now redirects here. [accessibility:2026-08-14] an automated browser check was refused by the site (cloudflare-interstitial); a browser check is needed by a person and the status stays unknown.
mp-mk-pazar3,Pazar3,https://www.pazar3.mk/,north-macedonia,general-classifieds,property; vehicles,both,freemium,,active,North Macedonia's leading classifieds marketplace.
mp-mk-reklama5,Reklama5,https://reklama5.com/,north-macedonia,general-classifieds,property; vehicles,both,freemium,,active,"A North Macedonian classifieds portal. [accessibility:2026-08-14] the site loads and serves its own content, checked in a browser. [redirect:2026-08-14] the Macedonian marketplace consolidated from reklama5.mk onto a .com domain; the record now points at the current address."
mp-no-finn,FINN.no,https://www.finn.no/,norway,general-classifieds,jobs; property; vehicles,both,freemium,,active,"Norway's dominant classifieds marketplace, with professional advertiser accounts."
mp-no-tise,Tise,https://www.tise.com/,norway,fashion-resale,,both,free,,active,A Nordic second-hand fashion marketplace.
mp-om-opensooq,OpenSooq Oman,https://om.opensooq.com/,oman,general-classifieds,jobs; property; services; vehicles,both,free,OpenSooq,active,"The Oman site of OpenSooq, the Arabic-language classifieds platform that says on its own about page that it runs in 20 countries with more than 120 buying and selling sections. The site calls itself the number one classifieds site in Oman with more than 500,000 ads, and states free ad posting."
mp-pk-olx,OLX Pakistan,https://www.olx.com.pk/,pakistan,general-classifieds,jobs; property; vehicles,both,freemium,OLX Group,active,Pakistan's dominant classifieds marketplace.
mp-pk-pakwheels,PakWheels,https://www.pakwheels.com/,pakistan,vehicles,,both,freemium,,active,"Pakistan's main vehicle marketplace, where dealers hold public pages."
mp-pk-propertyfinder,PropertyFinder.pk,https://www.propertyfinder.pk/,pakistan,property,,both,paid,,active,A Pakistani property marketplace where agents hold public listings.
mp-pk-zameen,Zameen,https://www.zameen.com/,pakistan,property,,both,paid,,active,"Pakistan's main property marketplace, where agents hold public listings."
mp-pa-compreoalquile,Compreoalquile,https://www.compreoalquile.com/,panama,property,,both,unknown,,active,"Panama's property marketplace, carrying listings from estate agencies and direct owners. Cloudflare blocks plain HTTPS requests; the live listings were confirmed in a real browser."
mp-pa-encuentra24,Encuentra24 Panamá,https://www.encuentra24.com/panama-es/,panama,general-classifieds,jobs; property; vehicles,both,freemium,Encuentra24,active,"The Panamá section of the leading Central American classifieds marketplace, carrying property, vehicle, job and general listings."
mp-pe-adondevivir,A Dónde Vivir,https://www.adondevivir.com/,peru,property,,both,paid,,unknown,A major Peruvian property marketplace. [accessibility:2026-08-14] an automated browser check was refused by the site (cloudflare-interstitial); a browser check is needed by a person and the status stays unknown.
mp-pe-mercadolibre,Mercado Libre Perú,https://www.mercadolibre.com.pe/,peru,general-classifieds,vehicles,both,freemium,Mercado Libre,active,"The dominant Peruvian marketplace, where sellers hold public storefronts."
mp-pe-neoauto,Neoauto,https://www.neoauto.com/,peru,vehicles,,both,paid,,unknown,Peru's main vehicle marketplace. [accessibility:2026-08-14] an automated browser check was refused by the site (http 403); a browser check is needed by a person and the status stays unknown.
mp-pe-urbania,Urbania,https://www.urbania.pe/,peru,property,,both,paid,,unknown,Peru's main property marketplace. [accessibility:2026-08-14] an automated browser check was refused by the site (cloudflare-interstitial); a browser check is needed by a person and the status stays unknown.
mp-ph-autodeal,AutoDeal,https://www.autodeal.com.ph/,philippines,vehicles,,both,paid,,active,"A Philippine vehicle marketplace where dealers hold public pages. [accessibility:2026-08-14] the site loads and serves its own content, checked in a browser."
mp-ph-carousell,Carousell Philippines,https://www.carousell.ph/,philippines,general-classifieds,property; vehicles,both,freemium,Carousell Group,unknown,"The Philippine classifieds marketplace, which absorbed OLX Philippines. [accessibility:2026-08-14] an automated browser check was refused by the site (cloudflare-interstitial); a browser check is needed by a person and the status stays unknown."
mp-ph-lamudi,Lamudi Philippines,https://www.lamudi.com.ph/,philippines,property,,both,paid,,unknown,A Philippine property marketplace where agents hold public listings. [accessibility:2026-08-14] an automated browser check was refused by the site (access-denied); a browser check is needed by a person and the status stays unknown.
mp-pl-allegro,Allegro,https://allegro.pl/,poland,auctions,general-classifieds,both,freemium,,unknown,"Poland's dominant marketplace, where sellers hold public shop pages. [accessibility:2026-08-14] an automated browser check was refused by the site (http 403); a browser check is needed by a person and the status stays unknown."
mp-pl-gratka,Gratka,https://www.gratka.pl/,poland,property,general-classifieds; vehicles,both,freemium,,active,A Polish classifieds portal focused on property and vehicles.
mp-pl-olx,OLX Polska,https://www.olx.pl/,poland,general-classifieds,jobs; property; services; vehicles,both,freemium,OLX Group,active,"Poland's dominant classifieds marketplace. [accessibility:2026-08-14] the site loads and serves its own content, checked in a browser."
mp-pl-otomoto,OTOMOTO,https://www.otomoto.pl/,poland,vehicles,,both,paid,OLX Group,active,"The main Polish vehicle marketplace, where dealers hold public dealer pages."
mp-pl-sprzedajemy,Sprzedajemy.pl,https://www.sprzedajemy.pl/,poland,general-classifieds,,both,freemium,,active,A Polish free classifieds board.
mp-pt-custojusto,CustoJusto,https://www.custojusto.pt/,portugal,general-classifieds,property; vehicles,both,freemium,,active,A Portuguese free classifieds marketplace.
mp-pt-olx,OLX Portugal,https://www.olx.pt/,portugal,general-classifieds,jobs; property; vehicles,both,freemium,OLX Group,active,Portugal's leading classifieds marketplace.
mp-pt-standvirtual,Standvirtual,https://www.standvirtual.com/,portugal,vehicles,,both,paid,OLX Group,active,"The main Portuguese vehicle marketplace, where dealers hold public dealer pages."
mp-pr-clasificadosonline,Clasificados Online,https://www.clasificadosonline.com/,puerto-rico,general-classifieds,jobs; property; services; vehicles,both,free,,active,"Puerto Rico's long-running general classifieds marketplace, which states that publishing a listing is free."
mp-qa-opensooq,OpenSooq Qatar,https://qa.opensooq.com/,qatar,general-classifieds,jobs; property; services; vehicles,both,free,OpenSooq,active,"The Qatar site of OpenSooq, the Arabic-language classifieds platform that says on its own about page that it runs in 20 countries with more than 120 buying and selling sections. It states free ad posting and carries cars, property, jobs and services."
mp-qa-qatarliving,Qatar Living,https://www.qatarliving.com/,qatar,general-classifieds,jobs; property; services; vehicles,both,unknown,,active,"A Qatari community portal running since 2005 that states it has nearly 900,000 registered members. Its classifieds section carries items, vehicles, property, jobs and services, with business stores alongside private ""preloved"" sellers. A premium subscription is offered; the cost of a standard ad is not stated."
mp-ro-autovit,Autovit,https://www.autovit.ro/,romania,vehicles,,both,paid,OLX Group,active,"The main Romanian vehicle marketplace, where dealers hold public dealer pages."
mp-ro-olx,OLX Romania,https://www.olx.ro/,romania,general-classifieds,jobs; property; vehicles,both,freemium,OLX Group,active,"Romania's dominant classifieds marketplace. [accessibility:2026-08-14] the site loads and serves its own content, checked in a browser."
mp-ro-publi24,Publi24,https://www.publi24.ro/,romania,general-classifieds,jobs; property; vehicles,both,freemium,,active,A Romanian free classifieds portal.
mp-ru-avito,Avito,https://www.avito.ru/,russia,general-classifieds,jobs; property; services; vehicles,both,freemium,,unknown,Russia's dominant classifieds marketplace. [accessibility:2026-08-14] an automated browser check was refused by the site (http 429); a browser check is needed by a person and the status stays unknown.
mp-ru-drom,Drom.ru,https://www.drom.ru/,russia,vehicles,,both,freemium,,active,A major Russian vehicle marketplace.
mp-ru-youla,Youla,https://www.youla.ru/,russia,general-classifieds,,both,freemium,,active,A major Russian classifieds marketplace.
mp-sa-aqar,Aqar,https://sa.aqar.fm/,saudi-arabia,property,,both,unknown,,active,"A Saudi property marketplace covering Riyadh, Jeddah, Dammam, Mecca and Medina, with tens of thousands of live listings per city. Listings come from owners directly as well as from brokers and project developers; the cost of publishing is not stated publicly."
mp-sa-haraj,Haraj,https://haraj.com.sa/,saudi-arabia,general-classifieds,property; vehicles,both,unknown,,active,"Saudi Arabia's best-known classifieds platform, strongest in vehicles and property. It sells a paid campaign that boosts a published listing's views, and states that buying campaign points does not exempt a seller from fees; the cost of posting itself is not stated publicly."
mp-sa-opensooq,OpenSooq Saudi Arabia,https://sa.opensooq.com/,saudi-arabia,general-classifieds,jobs; property; services; vehicles,both,free,OpenSooq,active,"The Saudi Arabia site of OpenSooq, the Arabic-language classifieds platform that says on its own about page that it runs in 20 countries with more than 120 buying and selling sections. It states free ad posting and carries cars, property, jobs and services."
mp-rs-halooglasi,Halo Oglasi,https://www.halooglasi.com/,serbia,general-classifieds,property; vehicles,both,freemium,,active,"A major Serbian classifieds portal. [accessibility:2026-08-14] the site loads and serves its own content, checked in a browser."
mp-rs-kupujemprodajem,KupujemProdajem,https://www.kupujemprodajem.com/,serbia,general-classifieds,,both,freemium,,active,Serbia's largest classifieds marketplace.
mp-rs-polovniautomobili,Polovni Automobili,https://www.polovniautomobili.com/,serbia,vehicles,,both,freemium,,active,"The main Serbian vehicle marketplace. [accessibility:2026-08-14] the site loads and serves its own content, checked in a browser."
mp-sg-99co,99.co,https://www.99.co/,singapore,property,,both,paid,,active,"A Singapore property marketplace where agents hold public listings. [accessibility:2026-08-14] the site loads and serves its own content, checked in a browser."
mp-sg-carousell,Carousell,https://www.carousell.sg/,singapore,general-classifieds,property; vehicles,both,freemium,Carousell Group,unknown,Singapore's leading classifieds marketplace and the group's home market. [accessibility:2026-08-14] an automated browser check was refused by the site (cloudflare-interstitial); a browser check is needed by a person and the status stays unknown.
mp-sg-gumtree,Gumtree Singapore,https://www.gumtree.sg/,singapore,general-classifieds,jobs; property; vehicles,both,freemium,,active,The Singapore arm of the Gumtree classifieds network.
mp-sg-propertyguru,PropertyGuru,https://www.propertyguru.com.sg/,singapore,property,,business,paid,PropertyGuru Group,active,"Singapore's main property marketplace, where agents hold public listings. [accessibility:2026-08-14] the site loads and serves its own content, checked in a browser."
mp-sg-sgcarmart,sgCarMart,https://www.sgcarmart.com/,singapore,vehicles,,both,paid,,unknown,"Singapore's main vehicle marketplace, where dealers hold public dealer pages. [accessibility:2026-08-14] an automated browser check was refused by the site (cloudflare-interstitial); a browser check is needed by a person and the status stays unknown."
mp-sk-bazar,Bazar.sk,https://www.bazar.sk/,slovakia,general-classifieds,,both,free,,active,A Slovak free classifieds portal.
mp-sk-bazos,Bazos.sk,https://www.bazos.sk/,slovakia,general-classifieds,property; vehicles,both,freemium,,active,The Slovak arm of the Bazos classifieds network.
mp-si-avto-net,Avto.net,https://www.avto.net/,slovenia,vehicles,,both,paid,,active,"The main Slovenian vehicle marketplace. [accessibility:2026-08-14] the site loads and serves its own content, checked in a browser."
mp-si-bolha,Bolha.com,https://www.bolha.com/,slovenia,general-classifieds,property; vehicles,both,freemium,,active,Slovenia's largest classifieds marketplace.
mp-za-autotrader,AutoTrader South Africa,https://www.autotrader.co.za/,south-africa,vehicles,,both,paid,,active,"South Africa's main vehicle marketplace, where dealers hold public dealer pages."
mp-za-bobshop,Bob Shop,https://bobshop.co.za/,south-africa,auctions,general-classifieds,both,freemium,,active,"A South African auction and marketplace platform, formerly bidorbuy, with public seller shops."
mp-za-careerjunction,CareerJunction,https://www.careerjunction.co.za/,south-africa,jobs,,business,paid,,active,A South African job marketplace where employers hold public company pages.
mp-za-gumtree,Gumtree South Africa,https://www.gumtree.co.za/,south-africa,general-classifieds,jobs; property; vehicles,both,freemium,,active,South Africa's main free classifieds marketplace.
mp-za-junkmail,Junk Mail,https://www.junkmail.co.za/,south-africa,general-classifieds,property; vehicles,both,freemium,,unknown,A long-running South African classifieds marketplace. [accessibility:2026-08-14] an automated browser check was refused by the site (cloudflare-interstitial); a browser check is needed by a person and the status stays unknown.
mp-za-privateproperty,Private Property,https://www.privateproperty.co.za/,south-africa,property,,both,paid,,active,A major South African property marketplace.
mp-za-property24,Property24,https://www.property24.com/,south-africa,property,,both,paid,,active,"South Africa's main property marketplace, where agents hold public listings."
mp-kr-albamon,Albamon,https://www.albamon.com/,south-korea,jobs,,business,paid,,active,A major Korean part-time job marketplace where employers hold public pages.
mp-kr-bunjang,Bunjang,https://www.bunjang.co.kr/,south-korea,second-hand,,both,freemium,,active,A major Korean second-hand marketplace with seller storefronts.
mp-kr-encar,Encar,https://www.encar.com/,south-korea,vehicles,,both,paid,,active,"South Korea's main vehicle marketplace. [accessibility:2026-08-14] the site loads and serves its own content, checked in a browser."
mp-kr-joongna,Joongna,https://www.joongna.com/,south-korea,second-hand,,both,freemium,,active,South Korea's largest second-hand marketplace.
mp-kr-kbchachacha,KB Chachacha,https://www.kbchachacha.com/,south-korea,vehicles,,both,paid,,active,A major Korean vehicle marketplace where dealers hold public pages.
mp-kr-saramin,Saramin,https://www.saramin.co.kr/,south-korea,jobs,,business,paid,,active,A major Korean job marketplace where employers hold public company pages.
mp-kr-zigbang,Zigbang,https://www.zigbang.com/,south-korea,property,,both,paid,,active,A major Korean property marketplace where agents hold public listings.
mp-es-milanuncios,Milanuncios,https://www.milanuncios.com/,spain,general-classifieds,jobs; property; vehicles,both,freemium,Adevinta,active,"A major Spanish classifieds marketplace. [accessibility:2026-08-14] the site loads and serves its own content, checked in a browser."
mp-es-wallapop,Wallapop,https://www.wallapop.com/,spain,general-classifieds,,both,freemium,,active,A major Spanish classifieds marketplace with professional seller accounts.
mp-lk-lankapropertyweb,Lanka Property Web,https://www.lankapropertyweb.com/,sri-lanka,property,,both,paid,,active,A Sri Lankan property marketplace where agents hold public listings.
mp-lk-patpat,PatPat.lk,https://www.patpat.lk/,sri-lanka,general-classifieds,vehicles,both,freemium,,active,"A Sri Lankan classifieds marketplace. [accessibility:2026-08-14] the site loads and serves its own content, checked in a browser."
mp-lk-riyasewana,Riyasewana,https://www.riyasewana.com/,sri-lanka,vehicles,,both,freemium,,active,"Sri Lanka's main vehicle marketplace. [accessibility:2026-08-14] the site loads and serves its own content, checked in a browser."
mp-lk-ikman,ikman,https://www.ikman.lk/,sri-lanka,general-classifieds,jobs; property; vehicles,both,freemium,,active,Sri Lanka's leading classifieds marketplace.
mp-sd-sudanjob,Sudanjob,https://www.sudanjob.net/,sudan,jobs,,business,paid,,active,"Sudan's main job marketplace, where employers hold public listings."
mp-se-blocket,Blocket,https://www.blocket.se/,sweden,general-classifieds,jobs; property; vehicles,both,freemium,,active,Sweden's dominant classifieds marketplace.
mp-se-bytbil,Bytbil,https://www.bytbil.com/,sweden,vehicles,,business,paid,,active,A Swedish vehicle marketplace where dealers hold public dealer pages.
mp-se-hemnet,Hemnet,https://www.hemnet.se/,sweden,property,,business,paid,,active,"Sweden's main property marketplace, where estate agents publish listings on the seller's behalf. [accessibility:2026-08-14] the site loads and serves its own content, checked in a browser."
mp-se-tradera,Tradera,https://www.tradera.com/,sweden,auctions,general-classifieds,both,freemium,,active,A Swedish auction marketplace where businesses hold seller shops.
mp-ch-ricardo,Ricardo,https://www.ricardo.ch/,switzerland,auctions,general-classifieds,both,freemium,,active,"Switzerland's largest online auction and marketplace. [accessibility:2026-08-14] the site loads and serves its own content, checked in a browser."
mp-ch-anibis,anibis.ch,https://www.anibis.ch/,switzerland,general-classifieds,vehicles,both,freemium,,unknown,A Swiss classifieds marketplace. [accessibility:2026-08-14] an automated browser check was refused by the site (cloudflare-interstitial); a browser check is needed by a person and the status stays unknown.
mp-ch-tutti,tutti.ch,https://www.tutti.ch/,switzerland,general-classifieds,property; vehicles,both,freemium,,unknown,A leading Swiss classifieds marketplace. [accessibility:2026-08-14] an automated browser check was refused by the site (cloudflare-interstitial); a browser check is needed by a person and the status stays unknown.
mp-tw-591,591,https://www.591.com.tw/,taiwan,property,,both,paid,,active,"Taiwan's main property marketplace, where agents hold public listings."
mp-tw-8891,8891,https://www.8891.com.tw/,taiwan,vehicles,,both,paid,,active,"Taiwan's main vehicle marketplace, where dealers hold public pages."
mp-tw-ruten,Ruten,https://www.ruten.com.tw/,taiwan,auctions,general-classifieds,both,freemium,,active,"Taiwan's largest online marketplace, where sellers hold public shops."
mp-tz-jiji,Jiji Tanzania,https://jiji.co.tz/,tanzania,general-classifieds,property; vehicles,both,freemium,Jiji Group,unknown,Tanzania's leading classifieds marketplace. [accessibility:2026-08-14] an automated browser check was refused by the site (cloudflare-interstitial); a browser check is needed by a person and the status stays unknown.
mp-th-ddproperty,DDproperty,https://www.ddproperty.com/,thailand,property,,both,paid,PropertyGuru Group,active,"Thailand's main property marketplace. [accessibility:2026-08-14] the site loads and serves its own content, checked in a browser."
mp-th-kaidee,Kaidee,https://www.kaidee.com/,thailand,general-classifieds,property; vehicles,both,freemium,,active,Thailand's leading classifieds marketplace.
mp-th-one2car,One2car,https://www.one2car.com/,thailand,vehicles,,both,paid,,active,"A Thai vehicle marketplace where dealers hold public pages. [accessibility:2026-08-14] the site loads and serves its own content, checked in a browser."
mp-th-tarad,TARAD,https://www.tarad.com/,thailand,general-classifieds,,business,paid,,active,A Thai online marketplace where merchants hold public storefronts.
mp-th-taladrod,TaladRod,https://www.taladrod.com/,thailand,vehicles,,both,paid,,active,A Thai vehicle marketplace where dealers hold public listings.
mp-tn-automobiletn,Automobile.tn,https://www.automobile.tn/,tunisia,vehicles,,both,unknown,,active,A Tunisian vehicle marketplace carrying new-car prices alongside used-car listings by governorate. Its own seller filter separates professionals from private sellers and shows both in volume; publishing requires an account and the cost is not stated.
mp-tn-tayara,Tayara,https://www.tayara.tn/,tunisia,general-classifieds,property; services; vehicles,both,free,,active,"Tunisia's main classifieds marketplace, covering vehicles, property, electronics and household goods. It states that posting a listing is free, and separates private sellers from professionals, who can run branded shops."
mp-tr-arabam,Arabam.com,https://www.arabam.com/,turkey,vehicles,,both,paid,,unknown,"The main Turkish vehicle marketplace, where dealers hold public pages. [accessibility:2026-08-14] an automated browser check was refused by the site (cloudflare-interstitial); a browser check is needed by a person and the status stays unknown."
mp-tr-hepsiemlak,Hepsiemlak,https://www.hepsiemlak.com/,turkey,property,,both,paid,,unknown,A major Turkish property marketplace. [accessibility:2026-08-14] an automated browser check was refused by the site (cloudflare-interstitial); a browser check is needed by a person and the status stays unknown.
mp-tr-sahibinden,Sahibinden,https://www.sahibinden.com/,turkey,general-classifieds,jobs; property; vehicles,both,freemium,,unknown,Turkey's dominant classifieds marketplace. [accessibility:2026-08-14] an automated browser check was refused by the site (captcha); a browser check is needed by a person and the status stays unknown.
mp-ug-brightermonday,BrighterMonday Uganda,https://www.brightermonday.co.ug/,uganda,jobs,,business,paid,,active,"Uganda's leading job marketplace, where employers hold public company pages. A separate site and account from BrighterMonday Kenya."
mp-ug-jiji,Jiji Uganda,https://jiji.ug/,uganda,general-classifieds,property; vehicles,both,freemium,Jiji Group,unknown,Uganda's leading classifieds marketplace. [accessibility:2026-08-14] an automated browser check was refused by the site (cloudflare-interstitial); a browser check is needed by a person and the status stays unknown.
mp-ua-autoria,AUTO.RIA,https://auto.ria.com/,ukraine,vehicles,,both,freemium,,active,"Ukraine's largest vehicle marketplace, where dealers hold public pages."
mp-ua-olx,OLX Ukraine,https://www.olx.ua/,ukraine,general-classifieds,jobs; property; services; vehicles,both,freemium,OLX Group,active,Ukraine's dominant classifieds marketplace.
mp-ua-prom,Prom.ua,https://www.prom.ua/,ukraine,b2b,general-classifieds,business,freemium,,active,"Ukraine's largest marketplace, where businesses hold public company storefronts."
mp-ua-ria,RIA.com,https://www.ria.com/,ukraine,general-classifieds,property; vehicles,both,freemium,,active,"A Ukrainian classifieds network covering vehicles, property and goods."
mp-ae-dubicars,DubiCars,https://www.dubicars.com/,united-arab-emirates,vehicles,,both,paid,,active,"A UAE vehicle marketplace that describes itself as the country’s largest automotive portal with 30,000+ verified new and used cars, carrying dealer stock alongside verified private sellers. Its sell-your-car page advertises pricing plans and ""transparent rates"", so publishing is paid."
mp-ae-opensooq,OpenSooq UAE,https://ae.opensooq.com/,united-arab-emirates,general-classifieds,jobs; property; services; vehicles,both,free,OpenSooq,active,"The UAE site of OpenSooq, the Arabic-language classifieds platform that says on its own about page that it runs in 20 countries with more than 120 buying and selling sections. It states free ad posting and carries cars, property, jobs and services."
mp-ae-propertyfinder,Property Finder,https://www.propertyfinder.ae/,united-arab-emirates,property,,business,unknown,,active,"The UAE's main property portal, covering Dubai, Abu Dhabi, Sharjah and Ajman for both sale and rent. Listings are held by real-estate agencies, which the site surfaces through its own agent directory; no private-seller route and no published subscription price were found."
mp-uk-freeads,Freeads,https://www.freeads.co.uk/,united-kingdom,general-classifieds,vehicles,both,freemium,,unknown,A UK free classifieds site. [accessibility:2026-08-14] an automated browser check was refused by the site (cloudflare-interstitial); a browser check is needed by a person and the status stays unknown.
mp-uk-gumtree,Gumtree,https://www.gumtree.com/,united-kingdom,general-classifieds,jobs; property; vehicles,both,freemium,Adevinta,active,"The main UK classifieds marketplace. [accessibility:2026-08-14] the site loads and serves its own content, checked in a browser."
mp-uk-preloved,Preloved,https://www.preloved.co.uk/,united-kingdom,general-classifieds,,both,freemium,,active,A UK classifieds marketplace for goods and services.
mp-us-1stdibs,1stDibs,https://www.1stdibs.com/,united-states,general-classifieds,,business,paid,,active,"A US marketplace for antique and design dealers, who hold public storefronts."
mp-us-5miles,5miles,https://www.5miles.com/,united-states,second-hand,,both,freemium,,unknown,A US local marketplace. [accessibility:2026-08-14] an automated browser check was refused by the site (access-denied); a browser check is needed by a person and the status stays unknown.
mp-us-abebooks,AbeBooks,https://www.abebooks.com/,united-states,b2b,general-classifieds,business,paid,,active,An international marketplace where independent booksellers hold public storefronts.
mp-us-adpost,Adpost,https://www.adpost.com/,united-states,general-classifieds,,both,freemium,,active,An international classifieds platform with a large US section.
mp-us-apartments,Apartments.com,https://www.apartments.com/,united-states,property,,business,paid,,unknown,A major US rental property marketplace. [accessibility:2026-08-14] an automated browser check was refused by the site (access-denied); a browser check is needed by a person and the status stays unknown.
mp-us-bookoo,Bookoo,https://www.bookoo.com/,united-states,second-hand,,both,free,,active,"A US community marketplace, historically strongest around military communities."
mp-us-bringatrailer,Bring a Trailer,https://bringatrailer.com/,united-states,auctions,vehicles,both,paid,,active,A US collector vehicle auction marketplace.
mp-us-cargurus,CarGurus,https://www.cargurus.com/,united-states,vehicles,,both,paid,,unknown,A major US vehicle marketplace where dealers hold public dealer pages. [accessibility:2026-08-14] an automated browser check was refused by the site (the browser could not open the site at all); a browser check is needed by a person and the status stays unknown.
mp-us-cars,Cars.com,https://www.cars.com/,united-states,vehicles,,both,paid,,unknown,A major US vehicle marketplace where dealers hold public dealer pages. [accessibility:2026-08-14] an automated browser check was refused by the site (cloudflare-interstitial); a browser check is needed by a person and the status stays unknown.
mp-us-chairish,Chairish,https://www.chairish.com/,united-states,general-classifieds,,both,paid,,active,A US vintage furniture and design marketplace with public seller shops.
mp-us-classifiedads,ClassifiedAds.com,https://www.classifiedads.com/,united-states,general-classifieds,jobs; property; vehicles,both,free,,active,A free US classifieds platform.
mp-us-craigslist,Craigslist,https://www.craigslist.org/,united-states,general-classifieds,jobs; property; services; vehicles,both,freemium,,active,"The dominant US classifieds platform. It runs several hundred city sites, but they are one platform and one account, so this is one row rather than one per city."
mp-us-depop,Depop,https://www.depop.com/,united-states,fashion-resale,,both,freemium,,active,"A fashion resale marketplace with public seller shops. [accessibility:2026-08-14] the site loads and serves its own content, checked in a browser."
mp-us-etsy,Etsy,https://www.etsy.com/,united-states,auctions,general-classifieds,both,paid,,unknown,A US handmade and vintage marketplace where sellers hold public shops. [accessibility:2026-08-14] an automated browser check was refused by the site (http 403); a browser check is needed by a person and the status stays unknown.
mp-us-faire,Faire,https://www.faire.com/,united-states,b2b,,business,freemium,,active,A wholesale marketplace where brands hold public public-facing storefronts for retail buyers.
mp-us-geebo,Geebo,https://www.geebo.com/,united-states,general-classifieds,jobs; property; vehicles,both,freemium,,active,"A US classifieds site covering jobs, property and vehicles."
mp-us-hoobly,Hoobly,https://www.hoobly.com/,united-states,general-classifieds,,both,freemium,,unknown,A US classifieds platform. [accessibility:2026-08-14] an automated browser check was refused by the site (http 403); a browser check is needed by a person and the status stays unknown.
mp-us-ksl,KSL Classifieds,https://www.ksl.com/classifieds/,united-states,general-classifieds,jobs; property; vehicles,both,freemium,,active,"A major regional US classifieds platform serving Utah and the Mountain West. [accessibility:2026-08-14] the site loads and serves its own content, checked in a browser."
mp-us-locanto,Locanto,https://www.locanto.com/,united-states,general-classifieds,jobs; property; services,both,freemium,,unknown,An international classifieds network with a large US section. [accessibility:2026-08-14] an automated browser check was refused by the site (cloudflare-interstitial); a browser check is needed by a person and the status stays unknown.
mp-us-mercari,Mercari,https://www.mercari.com/,united-states,second-hand,,both,freemium,,active,"A major US consumer marketplace. [accessibility:2026-08-14] the site loads and serves its own content, checked in a browser."
mp-us-nextdoor,Nextdoor,https://nextdoor.com/,united-states,general-classifieds,services,both,freemium,,active,A US neighbourhood network with a for-sale section and business pages.
mp-us-offerup,OfferUp,https://www.offerup.com/,united-states,general-classifieds,vehicles,both,freemium,,active,"A major US local buy-and-sell marketplace, which absorbed letgo. [accessibility:2026-08-14] the site loads and serves its own content, checked in a browser."
mp-us-oodle,Oodle,https://www.oodle.com/,united-states,general-classifieds,property; vehicles,both,freemium,,active,"A US classifieds aggregator and marketplace. [accessibility:2026-08-14] the site loads and serves its own content, checked in a browser."
mp-us-pennysaver,PennySaver USA,https://www.pennysaverusa.com/,united-states,general-classifieds,,both,freemium,,active,A US local classifieds and coupons platform.
mp-us-poshmark,Poshmark,https://poshmark.com/,united-states,fashion-resale,,both,freemium,,active,A US fashion resale marketplace where sellers hold public closets.
mp-us-reverb,Reverb,https://www.reverb.com/,united-states,general-classifieds,,both,paid,,active,"A US musical instrument marketplace where shops hold public storefronts. [accessibility:2026-08-14] the site loads and serves its own content, checked in a browser."
mp-us-rubylane,Ruby Lane,https://www.rubylane.com/,united-states,general-classifieds,,business,paid,,active,A US antiques and collectibles marketplace where dealers hold public shops.
mp-us-storenvy,Storenvy,https://www.storenvy.com/,united-states,general-classifieds,,business,freemium,,active,A US marketplace where independent brands hold public storefronts.
mp-us-varagesale,VarageSale,https://www.varagesale.com/,united-states,second-hand,,both,free,,active,A North American community buy-and-sell marketplace with verified members.
mp-us-zillow,Zillow,https://www.zillow.com/,united-states,property,,both,paid,,active,"The largest US property marketplace, where agents hold public listings. [accessibility:2026-08-14] the site loads and serves its own content, checked in a browser."
mp-us-ebay,eBay,https://www.ebay.com/,united-states,auctions,general-classifieds; vehicles,both,freemium,,active,"The largest US auction and fixed-price marketplace, where businesses hold public seller shops."
mp-ve-mercadolibre,Mercado Libre Venezuela,https://www.mercadolibre.com.ve/,venezuela,general-classifieds,vehicles,both,freemium,Mercado Libre,active,"The dominant Venezuelan marketplace, where sellers hold public storefronts."
mp-ve-tuinmueble,TuInmueble,https://www.tuinmueble.com/,venezuela,property,,both,paid,,active,A Venezuelan property marketplace where agents hold public listings.
mp-vn-alonhadat,Alonhadat,https://www.alonhadat.com.vn/,vietnam,property,,both,freemium,,active,A Vietnamese property marketplace.
mp-vn-batdongsan,Batdongsan,https://batdongsan.com.vn/,vietnam,property,,both,paid,,active,"Vietnam's main property marketplace. [accessibility:2026-08-14] the site loads and serves its own content, checked in a browser."
mp-vn-chotot,Chợ Tốt,https://www.chotot.com/,vietnam,general-classifieds,property; vehicles,both,freemium,,active,Vietnam's leading classifieds marketplace.
mp-vn-muaban,Muaban.net,https://muaban.net/,vietnam,general-classifieds,jobs; property; vehicles,both,freemium,,active,"A Vietnamese classifieds portal. [accessibility:2026-08-14] the site loads and serves its own content, checked in a browser."
mp-vn-vieclam24h,Việc Làm 24h,https://www.vieclam24h.vn/,vietnam,jobs,,business,paid,,active,A Vietnamese job marketplace where employers hold public company pages.
mp-zw-propertybook,Propertybook,https://www.propertybook.co.zw/,zimbabwe,property,,both,paid,,active,"Zimbabwe's main property marketplace, where registered estate agencies hold public listings."
