id,name,country,coverage,platform_type,procurement_intelligence_score,procurement_intelligence_band,procurement_model,supplier_actions,foreign_eligibility_state,electronic_submission,browser_check_state,evidence_level,best_for
al-sistemi-i-prokurimit,Sistemi i Prokurimit Elektronik (SPE) — Albanian Electronic Public Procurement System,albania,national,national-procurement,67,STRONG,registration-system,REGISTER; DOWNLOAD_DOCUMENTS,VERIFIED_ACCEPTED,yes,NOT_REQUIRED,VERIFIED,local-sme; industrial-supplier; manufacturer
dz-portail-electronique-des-marches,Portail électronique des marchés publics,algeria,national,national-procurement,29,LIMITED,unknown,MONITOR_ONLY; REQUIRES_BROWSER_CHECK,NOT_VERIFIED,unknown,TRANSPORT_FAILURE,VERIFIED,
ar-buenos-aires-compras,Buenos Aires Compras (BAC),argentina,regional,regional-procurement,52,GOOD,registration-system,REGISTER; REQUIRES_BROWSER_CHECK,NOT_VERIFIED,yes,UNSPECIFIED,OBSERVABLE,local-sme; b2b-saas; industrial-supplier
ar-compr-ar,COMPR.AR,argentina,national,national-procurement,77,STRONG,discovery-plus-registration,SEARCH; REGISTER; REQUIRES_BROWSER_CHECK,NOT_VERIFIED,yes,COOKIE_GATE,VERIFIED,local-sme; b2b-saas; industrial-supplier
ar-contrat-ar,CONTRAT.AR,argentina,national,national-procurement,43,MODERATE,unknown,MONITOR_ONLY; REQUIRES_BROWSER_CHECK,NOT_VERIFIED,yes,UNSPECIFIED,VERIFIED,local-sme
ar-pbac,PBAC - Provincia de Buenos Aires Compras,argentina,regional,regional-procurement,22,LIMITED,unknown,MONITOR_ONLY; REQUIRES_BROWSER_CHECK,NOT_VERIFIED,unknown,TRANSPORT_FAILURE,VERIFIED,
am-armeps,ARMEPS,armenia,national,national-procurement,24,LIMITED,unknown,MONITOR_ONLY,NOT_VERIFIED,unknown,NOT_REQUIRED,OBSERVABLE,
au-ausconnect,AusConnect,australia,institutional,institutional-procurement,56,GOOD,project-financed-surface,SEARCH; REQUIRES_BROWSER_CHECK,NOT_VERIFIED,unknown,WAF,VERIFIED,infrastructure; professional-services
au-austender,AusTender,australia,national,national-procurement,81,EXCEPTIONAL,discovery-plus-documents,SEARCH; REGISTER; DOWNLOAD_DOCUMENTS,NOT_VERIFIED,yes,NOT_REQUIRED,VERIFIED,local-sme; b2b-saas; industrial-supplier
au-austender-supplier-portal,AusTender Supplier Portal,australia,national,national-procurement,33,LIMITED,authorized-marketplace-or-tenant,MONITOR_ONLY,NOT_VERIFIED,unknown,NOT_REQUIRED,VERIFIED,
au-buyict,BuyICT,australia,national,sector-procurement,55,GOOD,discovery-only,SEARCH; REQUIRES_BROWSER_CHECK,NOT_VERIFIED,unknown,SCRIPT_RENDERED,OBSERVABLE,logistics; local-sme; it-software
au-vic-buying-for-victoria-tenders,Buying for Victoria Tenders Portal,australia,regional,regional-procurement,75,STRONG,discovery-plus-registration,SEARCH; REGISTER; REQUIRES_BROWSER_CHECK,NOT_VERIFIED,yes,BOT_PROTECTION,VERIFIED,local-sme; b2b-saas; industrial-supplier
au-nsw-local-government-procurement,Local Government Procurement (LGP),australia,regional,regional-procurement,63,GOOD,discovery-plus-registration,SEARCH; REGISTER; REQUIRES_BROWSER_CHECK,NOT_VERIFIED,unknown,SCRIPT_RENDERED,OBSERVABLE,local-sme; logistics; industrial-supplier
au-qld-qtenders,QTenders,australia,regional,regional-procurement,33,LIMITED,unknown,MONITOR_ONLY; REQUIRES_BROWSER_CHECK,NOT_VERIFIED,unknown,SCRIPT_RENDERED,VERIFIED,local-sme
au-nt-quotations-and-tenders-online,Quotations and Tenders Online (QTOL),australia,regional,regional-procurement,67,STRONG,discovery-plus-registration,SEARCH; REGISTER,NOT_VERIFIED,unknown,NOT_REQUIRED,OBSERVABLE,local-sme; industrial-supplier; manufacturer
au-sa-sa-tenders-and-contracts,SA Tenders and Contracts,australia,regional,regional-procurement,71,STRONG,discovery-plus-registration,SEARCH; REGISTER; REQUIRES_BROWSER_CHECK,NOT_VERIFIED,yes,BOT_PROTECTION,OBSERVABLE,local-sme; industrial-supplier; professional-services
au-vic-supplier-hub,Supplier Hub (Buying for Victoria),australia,regional,regional-procurement,37,MODERATE,authorized-marketplace-or-tenant,MONITOR_ONLY; REQUIRES_BROWSER_CHECK,NOT_VERIFIED,unknown,UNSPECIFIED,VERIFIED,local-sme
au-tas-tasmanian-government-tenders,Tasmanian Government Tenders (eTendering),australia,regional,regional-procurement,67,STRONG,discovery-plus-registration,SEARCH; REGISTER,NOT_VERIFIED,unknown,NOT_REQUIRED,OBSERVABLE,local-sme; industrial-supplier; manufacturer
au-act-tenders-act,Tenders ACT,australia,regional,regional-procurement,71,STRONG,discovery-plus-registration,SEARCH; REGISTER; REQUIRES_BROWSER_CHECK,NOT_VERIFIED,yes,BOT_PROTECTION,OBSERVABLE,local-sme; b2b-saas; industrial-supplier
au-wa-tenders-wa,Tenders WA,australia,regional,regional-procurement,79,STRONG,discovery-plus-registration,SEARCH; REGISTER,NOT_VERIFIED,yes,NOT_REQUIRED,VERIFIED,local-sme; b2b-saas; industrial-supplier
au-vendorpanel-marketplace,VendorPanel Marketplace,australia,national,b2b-tender-marketplace,81,EXCEPTIONAL,discovery-plus-registration,SEARCH; REGISTER,NOT_VERIFIED,yes,NOT_REQUIRED,VERIFIED,local-sme; b2b-saas; industrial-supplier
au-nsw-buy-nsw,buy.nsw,australia,regional,regional-procurement,63,GOOD,discovery-plus-registration,SEARCH; REGISTER; REQUIRES_BROWSER_CHECK,NOT_VERIFIED,unknown,SCRIPT_RENDERED,OBSERVABLE,local-sme; industrial-supplier; logistics
au-qld-etender,eTender (QBuild),australia,regional,sector-procurement,79,STRONG,discovery-plus-registration,SEARCH; REGISTER,NOT_VERIFIED,yes,NOT_REQUIRED,VERIFIED,local-sme; industrial-supplier; manufacturer
at-anko-vergabeportal,ANKÖ Vergabeportal (vergabeportal.at),austria,national,national-procurement,43,MODERATE,registration-system,REGISTER; REQUIRES_BROWSER_CHECK,NOT_VERIFIED,yes,SCRIPT_RENDERED,OBSERVABLE,industrial-supplier; local-sme
at-usp-ausschreibungssuche,USP Ausschreibungssuche (eProcurement Bekanntmachungsservice),austria,national,national-procurement,65,STRONG,discovery-only,SEARCH,NOT_VERIFIED,no,NOT_REQUIRED,VERIFIED,local-sme; eu-company; manufacturer
bh-bahrain-tender-board-e-tendering,Bahrain Tender Board e-Tendering System,bahrain,national,national-procurement,86,EXCEPTIONAL,discovery-plus-registration,SEARCH; REGISTER,VERIFIED_ACCEPTED,yes,NOT_REQUIRED,VERIFIED,local-sme; industrial-supplier; manufacturer
bd-bangladesh-e-government-procurement,Bangladesh e-Government Procurement (e-GP) System,bangladesh,national,national-procurement,86,EXCEPTIONAL,discovery-plus-registration,SEARCH; REGISTER,VERIFIED_ACCEPTED,yes,NOT_REQUIRED,VERIFIED,local-sme; industrial-supplier; manufacturer
be-e-procurement,"e-Procurement (publicprocurement.be, BOSA)",belgium,national,national-procurement,44,MODERATE,unknown,DOWNLOAD_DOCUMENTS; REQUIRES_BROWSER_CHECK,NOT_VERIFIED,yes,SCRIPT_RENDERED,OBSERVABLE,construction; local-sme
bo-mercado-virtual-estatal,Mercado Virtual Estatal,bolivia,national,national-procurement,40,MODERATE,authorized-marketplace-or-tenant,MONITOR_ONLY; REQUIRES_BROWSER_CHECK,NOT_VERIFIED,unknown,SCRIPT_RENDERED,VERIFIED,local-sme
bo-sicoes,SICOES – Sistema de Contrataciones Estatales,bolivia,national,national-procurement,50,GOOD,registration-system,REGISTER,NOT_VERIFIED,unknown,NOT_REQUIRED,OBSERVABLE,local-sme; industrial-supplier
ba-portal-javnih-nabavki-nabava,Portal javnih nabavki/nabava Bosne i Hercegovine (e-Nabavke),bosnia-and-herzegovina,national,national-procurement,81,EXCEPTIONAL,discovery-plus-registration,SEARCH; REGISTER,NOT_VERIFIED,yes,NOT_REQUIRED,VERIFIED,local-sme; industrial-supplier; manufacturer
bw-integrated-procurement-management-system,Integrated Procurement Management System (IPMS),botswana,national,national-procurement,69,STRONG,discovery-plus-registration,SEARCH; REGISTER; REQUIRES_BROWSER_CHECK,NOT_VERIFIED,unknown,SCRIPT_RENDERED,VERIFIED,local-sme; industrial-supplier; manufacturer
br-bec,BEC/SP — Bolsa Eletrônica de Compras do Estado de São Paulo,brazil,regional,regional-procurement,22,LIMITED,unknown,MONITOR_ONLY; REQUIRES_BROWSER_CHECK,NOT_VERIFIED,unknown,UNSPECIFIED,OBSERVABLE,
br-bll-compras,BLL Compras — Bolsa de Licitações do Brasil,brazil,national,b2b-tender-marketplace,43,MODERATE,registration-system,REGISTER; REQUIRES_BROWSER_CHECK,NOT_VERIFIED,yes,UNSPECIFIED,OBSERVABLE,industrial-supplier; local-sme
br-bnc,BNC — Bolsa Nacional de Compras,brazil,national,b2b-tender-marketplace,89,EXCEPTIONAL,full-electronic-procurement,SEARCH; REGISTER; SUBMIT_ELECTRONICALLY,NOT_VERIFIED,yes,NOT_REQUIRED,OBSERVABLE,local-sme; industrial-supplier; healthcare
br-compras-eletronicas-rs,Compras Eletrônicas RS,brazil,regional,regional-procurement,79,STRONG,discovery-plus-registration,SEARCH; REGISTER,NOT_VERIFIED,yes,NOT_REQUIRED,VERIFIED,local-sme; industrial-supplier; manufacturer
br-compras-gov-br,Compras.gov.br,brazil,national,national-procurement,86,EXCEPTIONAL,discovery-plus-registration,SEARCH; REGISTER,VERIFIED_ACCEPTED,yes,NOT_REQUIRED,VERIFIED,local-sme; b2b-saas; industrial-supplier
br-gms,GMS — Gestão de Materiais e Serviços (Compras Paraná),brazil,regional,regional-procurement,37,MODERATE,registration-system,REGISTER; REQUIRES_BROWSER_CHECK,NOT_VERIFIED,unknown,UNSPECIFIED,VERIFIED,industrial-supplier; local-sme
br-licitanet,Licitanet,brazil,national,b2b-tender-marketplace,62,GOOD,discovery-plus-registration,SEARCH; REGISTER; REQUIRES_BROWSER_CHECK,NOT_VERIFIED,yes,SCRIPT_RENDERED,OBSERVABLE,industrial-supplier; local-sme; manufacturer
br-licitacoes-e,Licitações-e,brazil,national,b2b-tender-marketplace,,NOT_YET_SCORED,unknown,MONITOR_ONLY; REQUIRES_BROWSER_CHECK,NOT_VERIFIED,unknown,WAF,UNKNOWN,
br-marketplace-sp,Marketplace.SP,brazil,regional,regional-procurement,22,LIMITED,unknown,MONITOR_ONLY; REQUIRES_BROWSER_CHECK,NOT_VERIFIED,unknown,BOT_PROTECTION,OBSERVABLE,
br-pncp,PNCP — Portal Nacional de Contratações Públicas,brazil,national,national-procurement,65,STRONG,discovery-only,SEARCH,NOT_VERIFIED,no,NOT_REQUIRED,VERIFIED,local-sme; manufacturer; industrial-supplier
br-petronect,Petronect,brazil,institutional,sector-procurement,30,LIMITED,unknown,MONITOR_ONLY; REQUIRES_BROWSER_CHECK,NOT_VERIFIED,yes,UNSPECIFIED,OBSERVABLE,professional-services; healthcare
br-portal-de-compras-mg,Portal de Compras MG,brazil,regional,regional-procurement,,NOT_YET_SCORED,unknown,MONITOR_ONLY; REQUIRES_BROWSER_CHECK,NOT_VERIFIED,unknown,WAF,UNKNOWN,
br-portal-de-compras-publicas,Portal de Compras Públicas,brazil,national,b2b-tender-marketplace,86,EXCEPTIONAL,discovery-plus-registration,SEARCH; REGISTER,VERIFIED_ACCEPTED,yes,NOT_REQUIRED,VERIFIED,local-sme; b2b-saas; industrial-supplier
bg-cais-eop,ЦАИС ЕОП (CAIS EOP) – Централизирана автоматизирана информационна система 'Електронни обществени поръчки',bulgaria,national,national-procurement,44,MODERATE,unknown,MONITOR_ONLY; REQUIRES_BROWSER_CHECK,NOT_VERIFIED,yes,SCRIPT_RENDERED,OBSERVABLE,b2b-saas; local-sme
ca-ab-alberta-purchasing-connection,Alberta Purchasing Connection (APC),canada,regional,regional-procurement,62,GOOD,discovery-plus-registration,SEARCH; REGISTER; REQUIRES_BROWSER_CHECK,NOT_VERIFIED,unknown,SCRIPT_RENDERED,VERIFIED,local-sme; industrial-supplier; professional-services
ca-bc-bc-bid,BC Bid,canada,regional,regional-procurement,37,MODERATE,unknown,MONITOR_ONLY; REQUIRES_BROWSER_CHECK,NOT_VERIFIED,unknown,UNSPECIFIED,VERIFIED,local-sme
ca-biddingo,Biddingo,canada,national,commercial-aggregator,50,GOOD,registration-system,REGISTER; REQUIRES_BROWSER_CHECK,NOT_VERIFIED,yes,SCRIPT_RENDERED,VERIFIED,industrial-supplier; local-sme
ca-canadabuys,CanadaBuys / AchatsCanada,canada,national,national-procurement,86,EXCEPTIONAL,discovery-plus-registration,SEARCH; REGISTER,VERIFIED_ACCEPTED,yes,NOT_REQUIRED,VERIFIED,local-sme; b2b-saas; industrial-supplier
ca-nt-gnwt-contract-event-opportunities,GNWT Contract Event Opportunities,canada,regional,regional-procurement,34,LIMITED,unknown,MONITOR_ONLY; REQUIRES_BROWSER_CHECK,NOT_VERIFIED,yes,COOKIE_GATE,VERIFIED,
ca-merx,MERX,canada,national,b2b-tender-marketplace,72,STRONG,discovery-plus-registration,SEARCH; REGISTER,NOT_VERIFIED,yes,NOT_REQUIRED,VERIFIED,industrial-supplier; local-sme; professional-services
ca-nb-new-brunswick-opportunities-network,New Brunswick Opportunities Network (NBON) / Réseau de possibilités d'affaires du Nouveau-Brunswick,canada,regional,regional-procurement,22,LIMITED,unknown,MONITOR_ONLY; REQUIRES_BROWSER_CHECK,NOT_VERIFIED,unknown,BOT_PROTECTION,VERIFIED,
ca-ns-nova-scotia-procurement-portal,Nova Scotia Procurement Portal,canada,regional,regional-procurement,22,LIMITED,unknown,MONITOR_ONLY; REQUIRES_BROWSER_CHECK,NOT_VERIFIED,unknown,WAF,VERIFIED,
ca-nu-nunavut-tenders,Nunavut Tenders (Government of Nunavut Request for Tenders/Proposals),canada,regional,regional-procurement,60,GOOD,registration-system,REGISTER,NOT_VERIFIED,yes,NOT_REQUIRED,VERIFIED,local-sme; industrial-supplier
ca-on-ontario-tenders-portal,Ontario Tenders Portal / Portail des appels d'offres de l'Ontario,canada,regional,regional-procurement,26,LIMITED,unknown,MONITOR_ONLY; REQUIRES_BROWSER_CHECK,NOT_VERIFIED,unknown,UNSPECIFIED,VERIFIED,
ca-pe-pei-tenders-and-procurement,PEI Tenders and Procurement Opportunities,canada,regional,regional-procurement,22,LIMITED,unknown,MONITOR_ONLY; REQUIRES_BROWSER_CHECK,NOT_VERIFIED,unknown,WAF,VERIFIED,
ca-qc-seao,SEAO — Système électronique d'appel d'offres du gouvernement du Québec,canada,regional,regional-procurement,22,LIMITED,unknown,MONITOR_ONLY; REQUIRES_BROWSER_CHECK,NOT_VERIFIED,unknown,SCRIPT_RENDERED,VERIFIED,
ca-sk-sasktenders,SaskTenders,canada,regional,regional-procurement,66,STRONG,discovery-plus-registration,SEARCH; REGISTER,NOT_VERIFIED,unknown,NOT_REQUIRED,VERIFIED,local-sme; industrial-supplier; professional-services
ca-yt-yukon-bids-tenders,Yukon bids&tenders,canada,regional,regional-procurement,33,LIMITED,unknown,MONITOR_ONLY,NOT_VERIFIED,unknown,NOT_REQUIRED,OBSERVABLE,local-sme
ca-bids-tenders,bids&tenders,canada,national,commercial-aggregator,70,STRONG,full-electronic-procurement,SEARCH; SUBMIT_ELECTRONICALLY; REQUIRES_BROWSER_CHECK,NOT_VERIFIED,yes,UNSPECIFIED,VERIFIED,professional-services; engineering; healthcare
cl-mercado-publico,Mercado Público,chile,national,national-procurement,82,EXCEPTIONAL,discovery-plus-registration,SEARCH; REGISTER; REQUIRES_BROWSER_CHECK,VERIFIED_ACCEPTED,yes,SCRIPT_RENDERED,VERIFIED,local-sme; b2b-saas; industrial-supplier
cn-people-s-bank-of-china-p,中国人民银行采购网 (People's Bank of China Procurement Network),china,institutional,institutional-procurement,51,GOOD,discovery-only,SEARCH,NOT_VERIFIED,unknown,NOT_REQUIRED,OBSERVABLE,healthcare; manufacturer; industrial-supplier
cn-china-international-bidd,中国国际招标网 (China International Bidding Network),china,national,sector-procurement,70,STRONG,discovery-only,SEARCH,VERIFIED_ACCEPTED,no,NOT_REQUIRED,VERIFIED,manufacturer; exporter; local-sme
cn-china-government-procure,中国政府采购网 (China Government Procurement Network),china,national,national-procurement,61,GOOD,discovery-only,SEARCH; REQUIRES_BROWSER_CHECK,NOT_VERIFIED,no,WAF,VERIFIED,local-sme; manufacturer; industrial-supplier
cn-central-government-procu,中央政府采购网 (Central Government Procurement Network),china,national,national-procurement,24,LIMITED,unknown,MONITOR_ONLY; REQUIRES_BROWSER_CHECK,NOT_VERIFIED,unknown,TRANSPORT_FAILURE,VERIFIED,
cn-national-public-resource,全国公共资源交易平台 (National Public Resource Trading Platform),china,national,national-procurement,61,GOOD,discovery-only,SEARCH,NOT_VERIFIED,no,NOT_REQUIRED,OBSERVABLE,local-sme; manufacturer; industrial-supplier
cn-military-procurement-net,军队采购网 (Military Procurement Network),china,national,sector-procurement,55,GOOD,discovery-only,SEARCH; REQUIRES_BROWSER_CHECK,NOT_VERIFIED,unknown,UNSPECIFIED,OBSERVABLE,local-sme; manufacturer; industrial-supplier
cn-beijing-public-resource,北京市公共资源交易服务平台 (Beijing Public Resource Trading Service Platform),china,regional,regional-procurement,52,GOOD,discovery-only,SEARCH,NOT_VERIFIED,unknown,NOT_REQUIRED,OBSERVABLE,local-sme; manufacturer; industrial-supplier
cn-guangdong-provincial-pub,广东省公共资源交易平台 (Guangdong Provincial Public Resource Trading Platform),china,regional,regional-procurement,18,LIMITED,unknown,MONITOR_ONLY; REQUIRES_BROWSER_CHECK,NOT_VERIFIED,unknown,SCRIPT_RENDERED,OBSERVABLE,
cn-zhengcaiyun,政采云 (Zhengcaiyun),china,national,national-procurement,37,MODERATE,unknown,MONITOR_ONLY; REQUIRES_BROWSER_CHECK,NOT_VERIFIED,yes,WAF,VERIFIED,b2b-saas
co-mi-mercado-popular,Mi Mercado Popular,colombia,national,national-procurement,54,GOOD,authorized-marketplace-or-tenant,REGISTER,NOT_VERIFIED,unknown,NOT_REQUIRED,VERIFIED,local-sme
co-portal-de-proveedores-ecopetrol,Portal de Proveedores Ecopetrol,colombia,institutional,sector-procurement,22,LIMITED,unknown,MONITOR_ONLY; REQUIRES_BROWSER_CHECK,NOT_VERIFIED,unknown,SCRIPT_RENDERED,OBSERVABLE,professional-services; healthcare
co-secop-i,SECOP I,colombia,national,national-procurement,42,MODERATE,unknown,MONITOR_ONLY; REQUIRES_BROWSER_CHECK,NOT_VERIFIED,no,WAF,VERIFIED,local-sme
co-secop-ii,SECOP II,colombia,national,national-procurement,89,EXCEPTIONAL,full-electronic-procurement,SEARCH; REGISTER; SUBMIT_ELECTRONICALLY; REQUIRES_BROWSER_CHECK,NOT_VERIFIED,yes,WAF,VERIFIED,local-sme; b2b-saas; industrial-supplier
co-tienda-virtual-del-estado,Tienda Virtual del Estado Colombiano,colombia,national,national-procurement,52,GOOD,unknown,MONITOR_ONLY,NOT_VERIFIED,yes,NOT_REQUIRED,VERIFIED,b2b-saas; local-sme
cr-sicop,SICOP,costa-rica,national,national-procurement,53,GOOD,unknown,MONITOR_ONLY; REQUIRES_BROWSER_CHECK,VERIFIED_ACCEPTED,yes,SCRIPT_RENDERED,VERIFIED,b2b-saas; manufacturer; exporter
hr-eojn-rh,EOJN RH – Elektronički oglasnik javne nabave Republike Hrvatske,croatia,national,national-procurement,71,STRONG,discovery-only,SEARCH,NOT_VERIFIED,yes,NOT_REQUIRED,VERIFIED,b2b-saas; logistics; local-sme
hr-oglasnik-javne-nabave,"Oglasnik javne nabave (legacy EOJN, eojn.nn.hr)",croatia,national,national-procurement,33,LIMITED,authorized-marketplace-or-tenant,MONITOR_ONLY; REQUIRES_BROWSER_CHECK,NOT_VERIFIED,no,SCRIPT_RENDERED,OBSERVABLE,local-sme
cy-eprocurement-system-of,eProcurement System of the Republic of Cyprus (e-PPS),cyprus,national,national-procurement,93,EXCEPTIONAL,full-electronic-procurement,SEARCH; REGISTER; SUBMIT_ELECTRONICALLY,NOT_VERIFIED,yes,NOT_REQUIRED,VERIFIED,local-sme; industrial-supplier; eu-company
cz-nen,NEN — Národní elektronický nástroj,czech-republic,national,national-procurement,73,STRONG,discovery-plus-registration,SEARCH; REGISTER,NOT_VERIFIED,yes,NOT_REQUIRED,OBSERVABLE,local-sme; b2b-saas; industrial-supplier
dk-udbud,Udbud.dk,denmark,national,national-procurement,,NOT_YET_SCORED,unknown,MONITOR_ONLY; REQUIRES_BROWSER_CHECK,NOT_VERIFIED,unknown,SCRIPT_RENDERED,UNKNOWN,
do-portal-transaccional,Portal Transaccional,dominican-republic,national,national-procurement,94,EXCEPTIONAL,full-electronic-procurement,SEARCH; REGISTER; SUBMIT_ELECTRONICALLY; REQUIRES_BROWSER_CHECK,VERIFIED_ACCEPTED,yes,TRANSPORT_FAILURE,VERIFIED,local-sme; foreign-supplier; b2b-saas
ec-soce,SOCE – Sistema Oficial de Contratación Pública del Ecuador,ecuador,national,national-procurement,77,STRONG,discovery-plus-registration,SEARCH; REGISTER,NOT_VERIFIED,yes,NOT_REQUIRED,OBSERVABLE,local-sme; b2b-saas; industrial-supplier
eg-gcs,منظومة التعاقدات الحكومية (GCS),egypt,national,national-procurement,29,LIMITED,unknown,MONITOR_ONLY; REQUIRES_BROWSER_CHECK,NOT_VERIFIED,unknown,TRANSPORT_FAILURE,VERIFIED,
sv-comprasal,COMPRASAL,el-salvador,national,national-procurement,63,GOOD,discovery-only,SEARCH; REQUIRES_BROWSER_CHECK,NOT_VERIFIED,yes,SCRIPT_RENDERED,OBSERVABLE,b2b-saas; logistics; local-sme
ee-riigihangete-register,Riigihangete register (RHR — Estonian Public Procurement Register),estonia,national,national-procurement,43,MODERATE,unknown,MONITOR_ONLY; REQUIRES_BROWSER_CHECK,NOT_VERIFIED,yes,SCRIPT_RENDERED,VERIFIED,local-sme
et-electronic-government-procurement,Electronic Government Procurement (e-GP),ethiopia,national,national-procurement,47,MODERATE,registration-system,REGISTER; REQUIRES_BROWSER_CHECK,NOT_VERIFIED,yes,SCRIPT_RENDERED,VERIFIED,b2b-saas; industrial-supplier; local-sme
eu-ebrd-corporate-procurement,EBRD Corporate Procurement portal (SMART by GEP - EBRD instance),european-union,institutional,institutional-procurement,47,MODERATE,corporate-procurement-surface,REGISTER; REQUIRES_BROWSER_CHECK,NOT_VERIFIED,yes,SCRIPT_RENDERED,VERIFIED,professional-services; industrial-supplier; eu-company
eu-ecb-electronic-tendering,ECB Electronic Tendering System (SAP Ariba Sourcing),european-union,institutional,institutional-procurement,90,EXCEPTIONAL,full-electronic-procurement,SEARCH; REGISTER; SUBMIT_ELECTRONICALLY,NOT_VERIFIED,yes,NOT_REQUIRED,VERIFIED,eu-company; healthcare; professional-services
eu-ecepp,ECEPP - EBRD Client e-Procurement Portal,european-union,supranational,development-bank,100,EXCEPTIONAL,project-financed-surface,SEARCH; REGISTER; SUBMIT_ELECTRONICALLY,VERIFIED_ACCEPTED,yes,NOT_REQUIRED,VERIFIED,eu-company; exporter; foreign-supplier
eu-eib-group-procurement,EIB Group Procurement portal (eib.org — Corporate & Technical Assistance procurement),european-union,institutional,development-bank,63,GOOD,corporate-procurement-surface,SEARCH; REQUIRES_BROWSER_CHECK,VERIFIED_ACCEPTED,no,COOKIE_GATE,VERIFIED,manufacturer; eu-company; healthcare
eu-eu-funding,EU Funding & Tenders Portal (SEDIA) — Calls for Tenders,european-union,supranational,eu-procurement,84,EXCEPTIONAL,discovery-plus-registration,SEARCH; REGISTER; REQUIRES_BROWSER_CHECK,VERIFIED_ACCEPTED,yes,SCRIPT_RENDERED,VERIFIED,industrial-supplier; manufacturer; exporter
eu-ted,TED — Tenders Electronic Daily,european-union,supranational,eu-procurement,67,STRONG,discovery-only,SEARCH,NOT_VERIFIED,no,NOT_REQUIRED,VERIFIED,eu-company; healthcare; manufacturer
fi-cloudia-tarjouspalvelu,Cloudia Tarjouspalvelu (tarjouspalvelu.fi supplier portal),finland,national,national-procurement,48,MODERATE,unknown,MONITOR_ONLY,NOT_VERIFIED,yes,NOT_REQUIRED,OBSERVABLE,local-sme
fi-hilma,Hilma (hankintailmoitukset.fi),finland,national,national-procurement,43,MODERATE,unknown,MONITOR_ONLY; REQUIRES_BROWSER_CHECK,NOT_VERIFIED,yes,SCRIPT_RENDERED,VERIFIED,local-sme
fr-afd-dgmarket,AFD.dgMarket — procurement notices for AFD-financed projects,france,institutional,development-bank,77,STRONG,project-financed-surface,SEARCH; REGISTER,VERIFIED_ACCEPTED,no,NOT_REQUIRED,VERIFIED,professional-services; industrial-supplier; manufacturer
fr-approch,APProch — portail des projets d'achats publics,france,national,national-procurement,33,LIMITED,authorized-marketplace-or-tenant,MONITOR_ONLY; REQUIRES_BROWSER_CHECK,NOT_VERIFIED,no,SCRIPT_RENDERED,OBSERVABLE,local-sme
fr-boamp,BOAMP — Bulletin officiel des annonces de marchés publics,france,national,national-procurement,65,STRONG,discovery-only,SEARCH,NOT_VERIFIED,no,NOT_REQUIRED,VERIFIED,local-sme; eu-company
fr-place,PLACE — Plateforme des achats de l'État / Portail des marchés publics,france,national,national-procurement,77,STRONG,discovery-plus-registration,SEARCH; REGISTER,NOT_VERIFIED,yes,NOT_REQUIRED,VERIFIED,local-sme; industrial-supplier; eu-company
ge-spa-eprocurement,Georgian eProcurement (SPA),georgia,national,national-procurement,20,LIMITED,unknown,MONITOR_ONLY; REQUIRES_BROWSER_CHECK,NOT_VERIFIED,unknown,UNSPECIFIED,OBSERVABLE,
de-bekanntmachungsservice,Bekanntmachungsservice (Datenservice Öffentlicher Einkauf),germany,national,national-procurement,61,GOOD,discovery-only,SEARCH; REQUIRES_BROWSER_CHECK,NOT_VERIFIED,no,SCRIPT_RENDERED,VERIFIED,local-sme; eu-company; manufacturer
de-e-vergabe-plattform-des-freistaats,E-Vergabe-Plattform des Freistaats Thüringen (Zentrale Landesvergabeplattform),germany,regional,regional-procurement,43,MODERATE,unknown,MONITOR_ONLY,NOT_VERIFIED,no,NOT_REQUIRED,VERIFIED,local-sme
de-giz-vergabemarktplatz,GIZ Vergabemarktplatz (GIZ e-procurement tender platform),germany,institutional,institutional-procurement,78,STRONG,corporate-procurement-surface,SEARCH; REGISTER,NOT_VERIFIED,yes,NOT_REQUIRED,VERIFIED,industrial-supplier; healthcare; eu-company
de-had,HAD — Hessische Ausschreibungsdatenbank (had.de),germany,regional,regional-procurement,60,GOOD,discovery-only,SEARCH,NOT_VERIFIED,unknown,NOT_REQUIRED,VERIFIED,local-sme; eu-company; manufacturer
de-kfw-vergabeportal,KfW Vergabeportal (eVergabe Bieterportal der KfW Bankengruppe),germany,institutional,institutional-procurement,64,GOOD,corporate-procurement-surface,SEARCH; REQUIRES_BROWSER_CHECK,NOT_VERIFIED,yes,SCRIPT_RENDERED,VERIFIED,healthcare; eu-company; manufacturer
de-vergabemarktplatz-baden-wurttemberg,Vergabemarktplatz Baden-Württemberg (ausschreibungen.landbw.de),germany,regional,regional-procurement,64,GOOD,discovery-only,SEARCH,NOT_VERIFIED,yes,NOT_REQUIRED,OBSERVABLE,local-sme; manufacturer; eu-company
de-vergabemarktplatz-brandenburg,Vergabemarktplatz Brandenburg,germany,regional,regional-procurement,75,STRONG,discovery-plus-registration,SEARCH; REGISTER,NOT_VERIFIED,yes,NOT_REQUIRED,OBSERVABLE,local-sme; industrial-supplier; manufacturer
de-vergabemarktplatz-land-nrw,Vergabemarktplatz Land NRW (evergabe.nrw.de),germany,regional,regional-procurement,68,STRONG,discovery-only,SEARCH,NOT_VERIFIED,yes,NOT_REQUIRED,VERIFIED,local-sme; eu-company; manufacturer
de-vergabemarktplatz-mecklenburg-vorpommern,Vergabemarktplatz Mecklenburg-Vorpommern (eGo-MV),germany,municipal,regional-procurement,73,STRONG,discovery-plus-registration,SEARCH; REGISTER,NOT_VERIFIED,yes,NOT_REQUIRED,OBSERVABLE,local-sme; industrial-supplier; manufacturer
de-vergabemarktplatz-rheinland-pfalz,Vergabemarktplatz Rheinland-Pfalz (vergabe.rlp.de),germany,regional,regional-procurement,68,STRONG,discovery-only,SEARCH,NOT_VERIFIED,yes,NOT_REQUIRED,VERIFIED,local-sme; eu-company; manufacturer
de-vergabeplattform-vergabe-bayern-der,"Vergabeplattform ""vergabe.bayern"" der Bayerischen Staatsbauverwaltung (vergabe.bayern.de)",germany,regional,regional-procurement,34,LIMITED,unknown,MONITOR_ONLY; REQUIRES_BROWSER_CHECK,NOT_VERIFIED,yes,SCRIPT_RENDERED,VERIFIED,
de-vergabeplattform-baden-wurttemberg,Vergabeplattform Baden-Württemberg (vergabe.landbw.de),germany,regional,regional-procurement,68,STRONG,discovery-only,SEARCH,NOT_VERIFIED,yes,NOT_REQUIRED,VERIFIED,local-sme; eu-company; manufacturer
de-vergabeplattform-berlin,Vergabeplattform Berlin,germany,regional,regional-procurement,76,STRONG,full-electronic-procurement,SEARCH; SUBMIT_ELECTRONICALLY,NOT_VERIFIED,yes,NOT_REQUIRED,OBSERVABLE,eu-company; local-sme; healthcare
de-vergabeplattform-land-hessen,Vergabeplattform Land Hessen (vergabe.hessen.de),germany,regional,regional-procurement,68,STRONG,discovery-only,SEARCH,NOT_VERIFIED,yes,NOT_REQUIRED,VERIFIED,local-sme; eu-company; manufacturer
de-vergabeplattform-der-freien,Vergabeplattform der Freien Hansestadt Bremen,germany,regional,regional-procurement,64,GOOD,discovery-only,SEARCH,NOT_VERIFIED,yes,NOT_REQUIRED,OBSERVABLE,local-sme; manufacturer; eu-company
de-vergabemarktplatz-mv,Vergabeplattform der Landesverwaltung Mecklenburg-Vorpommern,germany,regional,regional-procurement,68,STRONG,discovery-only,SEARCH,NOT_VERIFIED,yes,NOT_REQUIRED,VERIFIED,local-sme; eu-company; manufacturer
de-vergabeplattform-des-freistaates,Vergabeplattform des Freistaates Sachsen (eVergabe Sachsen),germany,regional,regional-procurement,75,STRONG,discovery-plus-registration,SEARCH; REGISTER,NOT_VERIFIED,yes,NOT_REQUIRED,OBSERVABLE,local-sme; industrial-supplier; manufacturer
de-auftraege-bayern,auftraege.bayern — Bayerische Vergabeplattform (auftraege.bayern.de),germany,regional,regional-procurement,68,STRONG,discovery-only,SEARCH,NOT_VERIFIED,yes,NOT_REQUIRED,VERIFIED,local-sme; eu-company; manufacturer
de-evergabe-bund,e-Vergabe — Vergabeplattform des Bundes,germany,national,national-procurement,,NOT_YET_SCORED,unknown,MONITOR_ONLY; REQUIRES_BROWSER_CHECK,NOT_VERIFIED,unknown,COOKIE_GATE,UNKNOWN,
de-e-vergabe-sh,e-vergabe.SH (Vergabeportal der GMSH für Schleswig-Holstein),germany,regional,regional-procurement,87,EXCEPTIONAL,full-electronic-procurement,SEARCH; REGISTER; SUBMIT_ELECTRONICALLY,NOT_VERIFIED,yes,NOT_REQUIRED,OBSERVABLE,local-sme; industrial-supplier; eu-company
de-evergabe-hamburg,eVergabe Hamburg (Vergabeportal der Freien und Hansestadt Hamburg),germany,regional,regional-procurement,45,MODERATE,unknown,MONITOR_ONLY; REQUIRES_BROWSER_CHECK,NOT_VERIFIED,yes,SCRIPT_RENDERED,VERIFIED,local-sme
de-vergabe-niedersachsen,vergabe.Niedersachsen (Vergabeplattform Niedersachsen),germany,regional,regional-procurement,75,STRONG,discovery-plus-registration,SEARCH; REGISTER,NOT_VERIFIED,yes,NOT_REQUIRED,OBSERVABLE,local-sme; industrial-supplier; manufacturer
de-vergabe-saarland,vergabe.saarland — Zentrale E-Vergabeplattform für das Saarland,germany,regional,regional-procurement,68,STRONG,discovery-only,SEARCH,NOT_VERIFIED,yes,NOT_REQUIRED,VERIFIED,local-sme; eu-company; manufacturer
gh-ghaneps,GHANEPS,ghana,national,national-procurement,77,STRONG,discovery-plus-documents,SEARCH; REGISTER; DOWNLOAD_DOCUMENTS,NOT_VERIFIED,yes,NOT_REQUIRED,OBSERVABLE,local-sme; engineering; industrial-supplier
gh-ppa-supplier-portal,PPA Supplier Portal,ghana,national,national-procurement,41,MODERATE,authorized-marketplace-or-tenant,REGISTER,NOT_VERIFIED,no,NOT_REQUIRED,OBSERVABLE,local-sme
int-adb-consultant-management-system,ADB Consultant Management System (CMS),global,supranational,development-bank,79,STRONG,discovery-plus-documents,SEARCH; REGISTER; DOWNLOAD_DOCUMENTS; REQUIRES_BROWSER_CHECK,NOT_VERIFIED,yes,SCRIPT_RENDERED,VERIFIED,engineering; professional-services; energy
int-adb-projects-tenders,ADB Projects & Tenders (ADB Business Opportunities),global,supranational,development-bank,44,MODERATE,project-financed-surface,DOWNLOAD_DOCUMENTS; REQUIRES_BROWSER_CHECK,NOT_VERIFIED,no,BOT_PROTECTION,VERIFIED,engineering; professional-services; infrastructure
int-aiib-corporate-procurement-opportunities,AIIB Corporate Procurement Opportunities,global,institutional,institutional-procurement,64,GOOD,corporate-procurement-surface,SEARCH; REQUIRES_BROWSER_CHECK,VERIFIED_ACCEPTED,yes,SCRIPT_RENDERED,VERIFIED,professional-services; manufacturer; healthcare
int-aiib-project-procurement-opportunities,AIIB Project Procurement Opportunities,global,supranational,development-bank,68,STRONG,project-financed-surface,SEARCH; REQUIRES_BROWSER_CHECK,VERIFIED_ACCEPTED,no,UNSPECIFIED,VERIFIED,manufacturer; professional-services; exporter
int-afdb-project-procurement-notices,AfDB Project Procurement Notices (African Development Bank Group — project-financed procurement),global,supranational,development-bank,63,GOOD,project-financed-surface,SEARCH; DOWNLOAD_DOCUMENTS; REQUIRES_BROWSER_CHECK,NOT_VERIFIED,no,BOT_PROTECTION,VERIFIED,engineering; infrastructure; professional-services
int-afdb-e-procurement-portal,AfDB e-Procurement Portal (African Development Bank corporate procurement),global,supranational,development-bank,91,EXCEPTIONAL,corporate-procurement-transactional,SEARCH; REGISTER; DOWNLOAD_DOCUMENTS; SUBMIT_ELECTRONICALLY; REQUIRES_BROWSER_CHECK,NOT_VERIFIED,yes,BOT_PROTECTION,VERIFIED,energy; engineering; healthcare
int-african-union-bids,African Union Bids (AUC Procurement),global,supranational,institutional-procurement,56,GOOD,corporate-procurement-surface,SEARCH; DOWNLOAD_DOCUMENTS,NOT_VERIFIED,unknown,NOT_REQUIRED,OBSERVABLE,engineering; professional-services; energy
int-bcie-adquisiciones-en-proyectos,BCIE Adquisiciones en Proyectos (CABEI Project Procurement Notices),global,institutional,development-bank,53,GOOD,project-financed-surface,SEARCH; DOWNLOAD_DOCUMENTS; REQUIRES_BROWSER_CHECK,NOT_VERIFIED,no,SCRIPT_RENDERED,VERIFIED,infrastructure; energy; healthcare
int-bid-for-the-americas,BID for the Americas / BID para las Américas (IDB tender discovery app),global,supranational,development-bank,58,GOOD,project-financed-surface,SEARCH; REQUIRES_BROWSER_CHECK,NOT_VERIFIED,no,SCRIPT_RENDERED,VERIFIED,healthcare; infrastructure; manufacturer
int-boad-appels-d-offre,BOAD Appels d'offre (West African Development Bank procurement notices),global,supranational,development-bank,38,MODERATE,unknown,MONITOR_ONLY; REQUIRES_BROWSER_CHECK,NOT_VERIFIED,unknown,SCRIPT_RENDERED,OBSERVABLE,professional-services; healthcare
int-caf,CAF — Licitaciones y Convocatorias (Banco de Desarrollo de América Latina y el Caribe),global,institutional,development-bank,39,MODERATE,registration-system,REGISTER; DOWNLOAD_DOCUMENTS; REQUIRES_BROWSER_CHECK,NOT_VERIFIED,unknown,WAF,OBSERVABLE,professional-services; engineering; industrial-supplier
int-cdb-bridge,CDB BRIDGE — Caribbean Development Bank Vendor Registry and Procurement Information Portal,global,institutional,development-bank,39,MODERATE,authorized-marketplace-or-tenant,DOWNLOAD_DOCUMENTS; REQUIRES_BROWSER_CHECK,NOT_VERIFIED,no,SCRIPT_RENDERED,VERIFIED,energy; healthcare
int-cern-e-procurement-portal,CERN e-Procurement Portal,global,supranational,international-organization,67,STRONG,corporate-procurement-surface,SEARCH; REGISTER; REQUIRES_BROWSER_CHECK,NOT_VERIFIED,unknown,SCRIPT_RENDERED,VERIFIED,industrial-supplier; healthcare; manufacturer
int-caribbean-community,Caribbean Community (CARICOM) Public Procurement Notice Board,global,supranational,international-organization,54,GOOD,registration-system,REGISTER; DOWNLOAD_DOCUMENTS,NOT_VERIFIED,no,NOT_REQUIRED,VERIFIED,engineering; professional-services; industrial-supplier
int-caribbean-development-bank,Caribbean Development Bank — Procurement Notices,global,institutional,development-bank,53,GOOD,registration-system,REGISTER; DOWNLOAD_DOCUMENTS,NOT_VERIFIED,no,NOT_REQUIRED,VERIFIED,professional-services; engineering; industrial-supplier
int-council-of-europe-development,Council of Europe Development Bank (CEB) Tenders,global,supranational,development-bank,72,STRONG,corporate-procurement-transactional,REGISTER; DOWNLOAD_DOCUMENTS; SUBMIT_ELECTRONICALLY,NOT_VERIFIED,yes,NOT_REQUIRED,OBSERVABLE,b2b-saas; energy; healthcare
int-council-of-europe-eproc,Council of Europe EProc,global,supranational,international-organization,69,STRONG,corporate-procurement-surface,SEARCH; REQUIRES_BROWSER_CHECK,NOT_VERIFIED,yes,BOT_PROTECTION,VERIFIED,professional-services; healthcare; engineering
int-eac-supplier-portal,EAC Supplier Portal (e-Procurement),global,supranational,institutional-procurement,53,GOOD,corporate-procurement-surface,REGISTER; DOWNLOAD_DOCUMENTS; REQUIRES_BROWSER_CHECK,VERIFIED_ACCEPTED,unknown,SCRIPT_RENDERED,VERIFIED,engineering; professional-services; industrial-supplier
int-ebid-procurement,EBID Procurement (ECOWAS Bank for Investment and Development),global,supranational,development-bank,37,MODERATE,corporate-procurement-surface,MONITOR_ONLY,NOT_VERIFIED,unknown,NOT_REQUIRED,OBSERVABLE,professional-services; healthcare
int-ecowas-procurement-notices,ECOWAS Procurement Notices,global,supranational,institutional-procurement,37,MODERATE,corporate-procurement-surface,MONITOR_ONLY,NOT_VERIFIED,unknown,NOT_REQUIRED,OBSERVABLE,professional-services; healthcare
int-eumits,EUMITS — EUMETSAT Invitation to Tender System,global,supranational,international-organization,75,STRONG,corporate-procurement-surface,SEARCH; REGISTER,NOT_VERIFIED,unknown,NOT_REQUIRED,VERIFIED,industrial-supplier; logistics; healthcare
int-entidad-binacional-yacyreta,Entidad Binacional Yacyretá — Licitaciones,global,supranational,institutional-procurement,39,MODERATE,corporate-procurement-surface,MONITOR_ONLY,NOT_VERIFIED,no,NOT_REQUIRED,OBSERVABLE,healthcare
int-fonplata-adquisiciones-en-proyectos,FONPLATA Adquisiciones en Proyectos,global,institutional,development-bank,43,MODERATE,project-financed-surface,DOWNLOAD_DOCUMENTS,NOT_VERIFIED,no,NOT_REQUIRED,VERIFIED,professional-services; engineering; infrastructure
int-fonplata-registro-de-consultores,FONPLATA Registro de Consultores (Consultant Roster),global,institutional,development-bank,38,MODERATE,unknown,MONITOR_ONLY,NOT_VERIFIED,no,NOT_REQUIRED,VERIFIED,
int-gcf-supplier-portal,GCF Supplier Portal,global,supranational,international-organization,60,GOOD,corporate-procurement-surface,REGISTER; DOWNLOAD_DOCUMENTS; REQUIRES_BROWSER_CHECK,NOT_VERIFIED,yes,UNSPECIFIED,VERIFIED,engineering; professional-services; industrial-supplier
int-iaea-isupplier-portal,IAEA iSupplier Portal,global,supranational,international-organization,46,MODERATE,corporate-procurement-surface,MONITOR_ONLY; REQUIRES_BROWSER_CHECK,NOT_VERIFIED,yes,BOT_PROTECTION,OBSERVABLE,professional-services; healthcare
int-idb-beo-procurement-portal,IDB BEO Procurement Portal (Bank-Executed Operational Work bidder portal),global,institutional,institutional-procurement,71,STRONG,full-electronic-procurement,REGISTER; SUBMIT_ELECTRONICALLY,NOT_VERIFIED,yes,NOT_REQUIRED,VERIFIED,professional-services
int-idb-project-procurement,"IDB Project Procurement — Procurement Notices, Plans and Awarded Contracts",global,supranational,development-bank,63,GOOD,project-financed-surface,SEARCH; REQUIRES_BROWSER_CHECK,NOT_VERIFIED,no,BOT_PROTECTION,VERIFIED,professional-services; healthcare; engineering
int-imo-procurement-portal,IMO Procurement Portal (Public Tenders),global,supranational,international-organization,83,EXCEPTIONAL,corporate-procurement-surface,SEARCH; REGISTER,NOT_VERIFIED,yes,NOT_REQUIRED,VERIFIED,industrial-supplier; professional-services; healthcare
int-interpol-e-tendering-platform,INTERPOL e-Tendering Platform,global,supranational,international-organization,69,STRONG,corporate-procurement-surface,SEARCH; REQUIRES_BROWSER_CHECK,NOT_VERIFIED,yes,SCRIPT_RENDERED,VERIFIED,professional-services; healthcare; engineering
int-iom-supplier-portal,IOM Supplier Portal (WAVE) and IOM Procurement Opportunities,global,supranational,international-organization,56,GOOD,registration-system,REGISTER; REQUIRES_BROWSER_CHECK,NOT_VERIFIED,yes,WAF,OBSERVABLE,industrial-supplier; professional-services; healthcare
int-isdb-corporate-procurement,IsDB Corporate Procurement — Suppliers Gateway,global,institutional,institutional-procurement,82,EXCEPTIONAL,corporate-procurement-transactional,SEARCH; REGISTER; SUBMIT_ELECTRONICALLY; REQUIRES_BROWSER_CHECK,NOT_VERIFIED,yes,COOKIE_GATE,OBSERVABLE,healthcare; industrial-supplier; energy
int-isdb-project-procurement-portal,IsDB Project Procurement Portal,global,supranational,development-bank,77,STRONG,project-financed-surface,SEARCH; REGISTER; DOWNLOAD_DOCUMENTS,NOT_VERIFIED,no,NOT_REQUIRED,VERIFIED,engineering; industrial-supplier; infrastructure
int-itaipu-binacional,Itaipu Binacional — Portal dos Fornecedores / Portal de Compras Eletrônicas,global,supranational,institutional-procurement,85,EXCEPTIONAL,corporate-procurement-transactional,SEARCH; DOWNLOAD_DOCUMENTS; SUBMIT_ELECTRONICALLY,VERIFIED_ACCEPTED,yes,NOT_REQUIRED,VERIFIED,b2b-saas; energy; exporter
int-nato-allied-command-operations,NATO Allied Command Operations (ACO) e-Bidding Portal,global,supranational,international-organization,75,STRONG,corporate-procurement-surface,SEARCH; REGISTER; DOWNLOAD_DOCUMENTS; REQUIRES_BROWSER_CHECK,NOT_VERIFIED,yes,WAF,OBSERVABLE,engineering; industrial-supplier; professional-services
int-nato-front-door-for,NATO Front Door for Industry — Procurement Opportunities,global,supranational,international-organization,67,STRONG,corporate-procurement-surface,SEARCH,NOT_VERIFIED,no,NOT_REQUIRED,VERIFIED,professional-services; logistics; healthcare
int-nato-hq-bizopps-portal,NATO HQ BizOpps Portal,global,supranational,international-organization,91,EXCEPTIONAL,corporate-procurement-transactional,SEARCH; REGISTER; DOWNLOAD_DOCUMENTS; SUBMIT_ELECTRONICALLY; REQUIRES_BROWSER_CHECK,NOT_VERIFIED,yes,WAF,VERIFIED,energy; engineering; healthcare
int-nci-agency-neo-eprocurement,NCI Agency Neo eProcurement,global,supranational,international-organization,75,STRONG,corporate-procurement-surface,SEARCH; REGISTER; DOWNLOAD_DOCUMENTS; REQUIRES_BROWSER_CHECK,NOT_VERIFIED,yes,BOT_PROTECTION,OBSERVABLE,b2b-saas; engineering; industrial-supplier
int-nspa-eprocurement-portal,NSPA eProcurement Portal,global,supranational,international-organization,75,STRONG,corporate-procurement-surface,SEARCH; REGISTER; REQUIRES_BROWSER_CHECK,NOT_VERIFIED,yes,BOT_PROTECTION,OBSERVABLE,industrial-supplier; professional-services; healthcare
int-new-development-bank-e-procurement,New Development Bank e-Procurement System (NDB EPS),global,supranational,development-bank,87,EXCEPTIONAL,corporate-procurement-transactional,SEARCH; REGISTER; DOWNLOAD_DOCUMENTS; SUBMIT_ELECTRONICALLY; REQUIRES_BROWSER_CHECK,NOT_VERIFIED,yes,SCRIPT_RENDERED,OBSERVABLE,energy; engineering; healthcare
int-oecd-procurement-portal,OECD Procurement Portal (Prospeum),global,supranational,international-organization,69,STRONG,corporate-procurement-surface,SEARCH; REQUIRES_BROWSER_CHECK,NOT_VERIFIED,yes,BOT_PROTECTION,VERIFIED,professional-services; healthcare; engineering
int-oecs-commission,OECS Commission — Procurements (Current Tenders and Database of Registered Bidders),global,supranational,international-organization,58,GOOD,registration-system,REGISTER; DOWNLOAD_DOCUMENTS,NOT_VERIFIED,no,NOT_REQUIRED,VERIFIED,engineering; professional-services; industrial-supplier
int-opec-fund-corporate-procurement,OPEC Fund Corporate Procurement,global,supranational,development-bank,73,STRONG,corporate-procurement-surface,SEARCH,NOT_VERIFIED,yes,NOT_REQUIRED,VERIFIED,b2b-saas; professional-services; logistics
int-osce-procurement,OSCE Procurement,global,supranational,international-organization,73,STRONG,corporate-procurement-surface,SEARCH; REGISTER; DOWNLOAD_DOCUMENTS,NOT_VERIFIED,no,NOT_REQUIRED,OBSERVABLE,engineering; industrial-supplier; professional-services
int-portal-de-adquisiciones-institucionales,Portal de Adquisiciones Institucionales del BCIE (CABEI Institutional Procurement Portal),global,institutional,development-bank,62,GOOD,corporate-procurement-surface,SEARCH; REGISTER; DOWNLOAD_DOCUMENTS; REQUIRES_BROWSER_CHECK,NOT_VERIFIED,unknown,TRANSPORT_FAILURE,VERIFIED,industrial-supplier; energy; healthcare
int-quantum-supplier-portal,"Quantum Supplier Portal (UNDP, UNFPA, UN Women, UNCDF, UNV)",global,supranational,international-organization,50,GOOD,unknown,MONITOR_ONLY; REQUIRES_BROWSER_CHECK,NOT_VERIFIED,yes,UNSPECIFIED,VERIFIED,professional-services; healthcare
int-sadc-open-procurement-opportunities,SADC Open Procurement Opportunities,global,supranational,institutional-procurement,37,MODERATE,corporate-procurement-surface,DOWNLOAD_DOCUMENTS,NOT_VERIFIED,unknown,NOT_REQUIRED,OBSERVABLE,engineering; professional-services; energy
int-sepa,SEPA — Sistema de Ejecución de Planes de Adquisiciones (IDB procurement plans micro-site),global,supranational,development-bank,67,STRONG,project-financed-surface,SEARCH,NOT_VERIFIED,no,NOT_REQUIRED,VERIFIED,infrastructure; professional-services
int-tdb-consulting-procurement,TDB Consulting & Procurement notices (Trade and Development Bank),global,supranational,development-bank,42,MODERATE,corporate-procurement-surface,MONITOR_ONLY,NOT_VERIFIED,unknown,NOT_REQUIRED,OBSERVABLE,professional-services; healthcare
int-the-global-fund-open,The Global Fund Open Tenders,global,supranational,international-organization,56,GOOD,corporate-procurement-surface,SEARCH; DOWNLOAD_DOCUMENTS; REQUIRES_BROWSER_CHECK,NOT_VERIFIED,unknown,SCRIPT_RENDERED,VERIFIED,engineering; professional-services; energy
int-undp-procurement-notices,UNDP Procurement Notices,global,supranational,international-organization,91,EXCEPTIONAL,full-electronic-procurement,SEARCH; REGISTER; SUBMIT_ELECTRONICALLY,NOT_VERIFIED,yes,NOT_REQUIRED,OBSERVABLE,healthcare; industrial-supplier; professional-services
int-unicef-electronic-tendering-site,UNICEF Electronic Tendering Site (UNICEF e-Submissions),global,institutional,institutional-procurement,79,STRONG,discovery-plus-registration,SEARCH; REGISTER; REQUIRES_BROWSER_CHECK,VERIFIED_ACCEPTED,yes,BOT_PROTECTION,VERIFIED,professional-services; industrial-supplier; manufacturer
int-unops-esourcing,UNOPS eSourcing,global,institutional,institutional-procurement,60,GOOD,registration-system,REGISTER; REQUIRES_BROWSER_CHECK,VERIFIED_ACCEPTED,yes,SCRIPT_RENDERED,VERIFIED,professional-services; foreign-supplier; industrial-supplier
int-united-nations-global-marketplace,United Nations Global Marketplace (UNGM),global,supranational,international-organization,88,EXCEPTIONAL,corporate-procurement-surface,SEARCH; REGISTER; DOWNLOAD_DOCUMENTS,VERIFIED_ACCEPTED,yes,NOT_REQUIRED,VERIFIED,engineering; industrial-supplier; manufacturer
int-united-nations-procurement-division,United Nations Procurement Division (UNPD) — UN Secretariat procurement portal,global,institutional,institutional-procurement,83,EXCEPTIONAL,corporate-procurement-surface,SEARCH; REGISTER; DOWNLOAD_DOCUMENTS,VERIFIED_ACCEPTED,yes,NOT_REQUIRED,VERIFIED,professional-services; engineering; industrial-supplier
int-wbgeprocure-rfx-now,WBGeProcure RFx Now (World Bank Group corporate procurement),global,supranational,institutional-procurement,91,EXCEPTIONAL,corporate-procurement-transactional,SEARCH; REGISTER; DOWNLOAD_DOCUMENTS; SUBMIT_ELECTRONICALLY; REQUIRES_BROWSER_CHECK,NOT_VERIFIED,yes,SCRIPT_RENDERED,VERIFIED,energy; engineering; healthcare
int-wfp-electronic-tendering-site,WFP Electronic Tendering Site,global,institutional,institutional-procurement,70,STRONG,corporate-procurement-surface,SEARCH; REGISTER; REQUIRES_BROWSER_CHECK,NOT_VERIFIED,yes,UNSPECIFIED,OBSERVABLE,professional-services; industrial-supplier; healthcare
int-who-electronic-tendering-portal,WHO Electronic Tendering Portal,global,institutional,institutional-procurement,79,STRONG,corporate-procurement-surface,SEARCH; REGISTER; REQUIRES_BROWSER_CHECK,VERIFIED_ACCEPTED,yes,SCRIPT_RENDERED,VERIFIED,professional-services; industrial-supplier; manufacturer
int-world-bank-group-procurement,World Bank Group Procurement Notices (Bank-financed project opportunities),global,supranational,development-bank,59,GOOD,project-financed-surface,SEARCH; DOWNLOAD_DOCUMENTS; REQUIRES_BROWSER_CHECK,NOT_VERIFIED,no,UNSPECIFIED,OBSERVABLE,engineering; infrastructure; professional-services
int-esa-star,esa-star (ESA Publication and Registration),global,supranational,international-organization,67,STRONG,corporate-procurement-surface,SEARCH; REGISTER; REQUIRES_BROWSER_CHECK,NOT_VERIFIED,unknown,SCRIPT_RENDERED,VERIFIED,industrial-supplier; healthcare; manufacturer
gr-esidis,ESIDIS – National Electronic Public Procurement System (ΕΣΗΔΗΣ / Promitheus),greece,national,national-procurement,79,STRONG,full-electronic-procurement,SEARCH; SUBMIT_ELECTRONICALLY; REQUIRES_BROWSER_CHECK,NOT_VERIFIED,yes,SCRIPT_RENDERED,VERIFIED,eu-company; local-sme; healthcare
gr-kimdis,KIMDIS – Central Electronic Registry of Public Contracts (ΚΗΜΔΗΣ),greece,national,national-procurement,42,MODERATE,authorized-marketplace-or-tenant,MONITOR_ONLY; REQUIRES_BROWSER_CHECK,NOT_VERIFIED,no,SCRIPT_RENDERED,VERIFIED,local-sme
gt-guatecompras,Guatecompras,guatemala,national,national-procurement,,NOT_YET_SCORED,unknown,MONITOR_ONLY; REQUIRES_BROWSER_CHECK,NOT_VERIFIED,unknown,BOT_PROTECTION,UNKNOWN,
hn-honducompras,HonduCompras,honduras,national,national-procurement,55,GOOD,registration-system,REGISTER; REQUIRES_BROWSER_CHECK,VERIFIED_ACCEPTED,unknown,WAF,VERIFIED,local-sme; industrial-supplier; manufacturer
hu-ekr,EKR — Elektronikus Közbeszerzési Rendszer (Electronic Public Procurement System),hungary,national,national-procurement,47,MODERATE,discovery-only,SEARCH; REQUIRES_BROWSER_CHECK,NOT_VERIFIED,yes,SCRIPT_RENDERED,OBSERVABLE,b2b-saas; logistics; it-software
hu-kozbeszerzesi-hatosag-notice,Közbeszerzési Hatóság notice databases — Hirdetménykereső / Közbeszerzési Értesítő (kozbeszerzes.hu),hungary,national,national-procurement,65,STRONG,discovery-only,SEARCH,NOT_VERIFIED,no,NOT_REQUIRED,VERIFIED,local-sme; eu-company
is-mercell-tendsign-iceland,Mercell TendSign Iceland (rafrænt útboðskerfi Fjársýslunnar),iceland,national,national-procurement,51,GOOD,registration-system,REGISTER,NOT_VERIFIED,yes,NOT_REQUIRED,VERIFIED,b2b-saas; industrial-supplier; local-sme
is-utbosvefur,Útboðsvefur (utbodsvefur.is) — national tender publication site,iceland,national,national-procurement,65,STRONG,discovery-only,SEARCH,NOT_VERIFIED,no,NOT_REQUIRED,VERIFIED,logistics; local-sme; professional-services
is-utbosvefur-reykjavikurborgar,Útboðsvefur Reykjavíkurborgar (City of Reykjavík e-tendering site),iceland,regional,regional-procurement,58,GOOD,discovery-plus-registration,SEARCH; REGISTER; REQUIRES_BROWSER_CHECK,NOT_VERIFIED,unknown,SCRIPT_RENDERED,OBSERVABLE,local-sme; industrial-supplier; manufacturer
in-central-public-procurement-portal,Central Public Procurement Portal (GeM-CPPP),india,national,national-procurement,56,GOOD,authorized-marketplace-or-tenant,SEARCH,NOT_VERIFIED,no,NOT_REQUIRED,OBSERVABLE,local-sme; manufacturer; industrial-supplier
in-government-e-marketplace,Government e Marketplace (GeM),india,national,national-procurement,33,LIMITED,unknown,MONITOR_ONLY; REQUIRES_BROWSER_CHECK,NOT_VERIFIED,yes,TRANSPORT_FAILURE,OBSERVABLE,
in-indian-railways-e-procurement-system,Indian Railways E-Procurement System (IREPS),india,national,sector-procurement,63,GOOD,discovery-only,SEARCH; REQUIRES_BROWSER_CHECK,NOT_VERIFIED,yes,SCRIPT_RENDERED,OBSERVABLE,local-sme; engineering; manufacturer
in-telangana-state-eprocurement-portal,Telangana State eProcurement Portal,india,regional,regional-procurement,45,MODERATE,unknown,MONITOR_ONLY,NOT_VERIFIED,yes,NOT_REQUIRED,OBSERVABLE,local-sme
in-eprocurement-system-government-of-4,eProcurement System Government of Madhya Pradesh (MPTenders),india,regional,regional-procurement,64,GOOD,discovery-only,SEARCH,NOT_VERIFIED,yes,NOT_REQUIRED,OBSERVABLE,local-sme; manufacturer; b2b-saas
in-eprocurement-system-government-of,eProcurement System Government of Maharashtra (MahaTenders),india,regional,regional-procurement,64,GOOD,discovery-only,SEARCH,NOT_VERIFIED,yes,NOT_REQUIRED,OBSERVABLE,local-sme; manufacturer; b2b-saas
in-eprocurement-system-government-of-5,eProcurement System Government of Rajasthan,india,regional,regional-procurement,64,GOOD,discovery-only,SEARCH,NOT_VERIFIED,yes,NOT_REQUIRED,OBSERVABLE,local-sme; manufacturer; b2b-saas
in-eprocurement-system-government-of-3,eProcurement System Government of Tamil Nadu (TN e-Procurement),india,regional,regional-procurement,64,GOOD,discovery-only,SEARCH,NOT_VERIFIED,yes,NOT_REQUIRED,OBSERVABLE,local-sme; manufacturer; b2b-saas
in-eprocurement-system-government-of-2,eProcurement System Government of Uttar Pradesh,india,regional,regional-procurement,64,GOOD,discovery-only,SEARCH,NOT_VERIFIED,yes,NOT_REQUIRED,OBSERVABLE,local-sme; manufacturer; b2b-saas
in-eprocurement-system-of-government,eProcurement System of Government of West Bengal (WBTenders),india,regional,regional-procurement,64,GOOD,discovery-only,SEARCH,NOT_VERIFIED,yes,NOT_REQUIRED,OBSERVABLE,local-sme; manufacturer; b2b-saas
id-inaproc,INAPROC (Platform Pengadaan Nasional),indonesia,national,national-procurement,58,GOOD,registration-system,REGISTER; REQUIRES_BROWSER_CHECK,NOT_VERIFIED,yes,BOT_PROTECTION,VERIFIED,local-sme; industrial-supplier
id-katalog-elektronik,Katalog Elektronik (INAPROC Katalog Elektronik),indonesia,national,national-procurement,,NOT_YET_SCORED,authorized-marketplace-or-tenant,REGISTER; REQUIRES_BROWSER_CHECK,NOT_VERIFIED,yes,WAF,UNKNOWN,local-sme; b2b-saas; industrial-supplier
id-pln-e-procurement,PLN e-Procurement,indonesia,institutional,public-utility,51,GOOD,registration-system,REGISTER; REQUIRES_BROWSER_CHECK,NOT_VERIFIED,yes,SCRIPT_RENDERED,OBSERVABLE,industrial-supplier; healthcare
id-padi-umkm,PaDi UMKM (Pasar Digital UMKM),indonesia,national,b2b-tender-marketplace,47,MODERATE,registration-system,REGISTER; REQUIRES_BROWSER_CHECK,NOT_VERIFIED,yes,SCRIPT_RENDERED,VERIFIED,industrial-supplier; local-sme
id-sikap,SIKaP (Sistem Informasi Kinerja Penyedia),indonesia,national,national-procurement,42,MODERATE,authorized-marketplace-or-tenant,MONITOR_ONLY; REQUIRES_BROWSER_CHECK,NOT_VERIFIED,no,BOT_PROTECTION,VERIFIED,local-sme
id-sirup,SIRUP (Sistem Informasi Rencana Umum Pengadaan),indonesia,national,national-procurement,42,MODERATE,authorized-marketplace-or-tenant,MONITOR_ONLY; REQUIRES_BROWSER_CHECK,NOT_VERIFIED,no,BOT_PROTECTION,VERIFIED,local-sme
id-spse,SPSE (Sistem Pengadaan Secara Elektronik) — SPSE Nasional,indonesia,national,national-procurement,,NOT_YET_SCORED,authorized-marketplace-or-tenant,SEARCH; REGISTER; REQUIRES_BROWSER_CHECK,NOT_VERIFIED,yes,BOT_PROTECTION,UNKNOWN,local-sme; industrial-supplier; manufacturer
ie-etenders,eTenders,ireland,national,national-procurement,43,MODERATE,discovery-only,SEARCH,NOT_VERIFIED,unknown,NOT_REQUIRED,OBSERVABLE,manufacturer; industrial-supplier; eu-company
il-government-challenges-ar,זירת האתגרים הממשלתית (Government Challenges Arena),israel,national,national-procurement,48,MODERATE,authorized-marketplace-or-tenant,MONITOR_ONLY,NOT_VERIFIED,yes,NOT_REQUIRED,OBSERVABLE,local-sme
il-government-procurement-a,מינהל הרכש הממשלתי (Government Procurement Administration),israel,national,national-procurement,71,STRONG,discovery-plus-registration,SEARCH; REGISTER,NOT_VERIFIED,no,NOT_REQUIRED,OBSERVABLE,local-sme; industrial-supplier; logistics
il-israel-ministry-of-defen,משרד הביטחון – אתר סחר אלקטרוני (Israel Ministry of Defense e-Commerce / procurement site),israel,national,sector-procurement,54,GOOD,discovery-only,SEARCH,NOT_VERIFIED,unknown,NOT_REQUIRED,OBSERVABLE,local-sme; engineering; manufacturer
it-anac-piattaforma-di,ANAC Piattaforma di Pubblicità a Valore Legale (PVL) — national legal-publicity notice platform,italy,national,national-procurement,38,MODERATE,unknown,MONITOR_ONLY; REQUIRES_BROWSER_CHECK,NOT_VERIFIED,no,SCRIPT_RENDERED,OBSERVABLE,local-sme
it-acquisti-in-rete,"Acquisti in Rete PA — Consip e-procurement portal (MePA, convenzioni, accordi quadro, SDAPA, gare in ASP)",italy,national,national-procurement,76,STRONG,discovery-only,SEARCH,VERIFIED_ACCEPTED,yes,NOT_REQUIRED,VERIFIED,b2b-saas; manufacturer; exporter
jp-government-procurement-information-website,Government Procurement Information Website,japan,national,national-procurement,38,MODERATE,unknown,MONITOR_ONLY; REQUIRES_BROWSER_CHECK,NOT_VERIFIED,no,TRANSPORT_FAILURE,OBSERVABLE,local-sme
jp-jica-procurement-information,JICA Procurement Information (JICA 調達情報 / 公告・公示情報),japan,institutional,institutional-procurement,91,EXCEPTIONAL,full-electronic-procurement,SEARCH; REGISTER; DOWNLOAD_DOCUMENTS; SUBMIT_ELECTRONICALLY; REQUIRES_BROWSER_CHECK,VERIFIED_ACCEPTED,yes,UNSPECIFIED,VERIFIED,energy; healthcare; professional-services
jp-ppi,入札情報サービス（PPI）,japan,national,sector-procurement,61,GOOD,discovery-only,SEARCH,NOT_VERIFIED,no,NOT_REQUIRED,OBSERVABLE,local-sme; manufacturer; industrial-supplier
jp-njss,入札情報速報サービス NJSS,japan,national,commercial-aggregator,33,LIMITED,unknown,MONITOR_ONLY,NOT_VERIFIED,no,NOT_REQUIRED,OBSERVABLE,
jp-platform-3,国土交通省電子入札システム,japan,national,sector-procurement,56,GOOD,full-electronic-procurement,SUBMIT_ELECTRONICALLY; REQUIRES_BROWSER_CHECK,NOT_VERIFIED,yes,SCRIPT_RENDERED,OBSERVABLE,local-sme
jp-platform-6,大阪府電子調達システム（大阪府電子契約ポータルサイト）,japan,regional,regional-procurement,56,GOOD,registration-system,REGISTER,NOT_VERIFIED,yes,NOT_REQUIRED,OBSERVABLE,local-sme; industrial-supplier
jp-platform-2,官公需情報ポータルサイト,japan,national,national-procurement,61,GOOD,discovery-only,SEARCH,NOT_VERIFIED,no,NOT_REQUIRED,OBSERVABLE,local-sme; manufacturer; industrial-supplier
jp-japanese-government-proc,政府公共調達データベース (Japanese Government Procurement),japan,national,national-procurement,61,GOOD,discovery-only,SEARCH,NOT_VERIFIED,no,NOT_REQUIRED,OBSERVABLE,local-sme; manufacturer; industrial-supplier
jp-platform-4,東京都電子調達システム,japan,regional,regional-procurement,64,GOOD,discovery-only,SEARCH,NOT_VERIFIED,yes,NOT_REQUIRED,OBSERVABLE,local-sme; manufacturer; b2b-saas
jp-platform-5,東京電子自治体共同運営サービス 電子調達サービス,japan,municipal,municipal-procurement,62,GOOD,discovery-only,SEARCH,NOT_VERIFIED,yes,NOT_REQUIRED,OBSERVABLE,local-sme; manufacturer; b2b-saas
jp-platform,調達ポータル,japan,national,national-procurement,81,EXCEPTIONAL,discovery-plus-registration,SEARCH; REGISTER,NOT_VERIFIED,yes,NOT_REQUIRED,VERIFIED,local-sme; industrial-supplier; professional-services
jo-royal-jordanian-procurement-website,Royal Jordanian Procurement Website (الملكية الأردنية),jordan,institutional,institutional-procurement,74,STRONG,discovery-plus-registration,SEARCH; REGISTER,NOT_VERIFIED,yes,NOT_REQUIRED,OBSERVABLE,professional-services; industrial-supplier; healthcare
jo-joneps-jordan-online-e-p,نظام الشراء الإلكتروني الأردني (JONEPS — Jordan Online E-Procurement System),jordan,national,national-procurement,89,EXCEPTIONAL,full-electronic-procurement,SEARCH; REGISTER; DOWNLOAD_DOCUMENTS; SUBMIT_ELECTRONICALLY,NOT_VERIFIED,yes,NOT_REQUIRED,OBSERVABLE,construction; local-sme; b2b-saas
ke-ifmis-supplier-portal,IFMIS Supplier Portal,kenya,national,national-procurement,37,MODERATE,unknown,MONITOR_ONLY; REQUIRES_BROWSER_CHECK,NOT_VERIFIED,yes,TRANSPORT_FAILURE,VERIFIED,
ke-ppip,PPIP — Public Procurement Information Portal,kenya,national,national-procurement,71,STRONG,discovery-plus-registration,SEARCH; REGISTER; REQUIRES_BROWSER_CHECK,NOT_VERIFIED,no,SCRIPT_RENDERED,VERIFIED,local-sme; industrial-supplier; professional-services
ke-e-gp-kenya,e-GP Kenya — Electronic Government Procurement System,kenya,national,national-procurement,37,MODERATE,unknown,MONITOR_ONLY; REQUIRES_BROWSER_CHECK,NOT_VERIFIED,yes,TRANSPORT_FAILURE,VERIFIED,b2b-saas
xk-e-prokurimi,e-Prokurimi,kosovo,national,national-procurement,24,LIMITED,unknown,MONITOR_ONLY,NOT_VERIFIED,unknown,NOT_REQUIRED,OBSERVABLE,
kw-central-agency-for-publi,"الجهاز المركزي للمناقصات العامة (Central Agency for Public Tenders, CAPT)",kuwait,national,national-procurement,,NOT_YET_SCORED,discovery-only,SEARCH; REQUIRES_BROWSER_CHECK,NOT_VERIFIED,unknown,BOT_PROTECTION,UNKNOWN,manufacturer; industrial-supplier
lv-eis,EIS — Elektronisko iepirkumu sistēma (Electronic Procurement System),latvia,national,national-procurement,86,EXCEPTIONAL,discovery-plus-registration,SEARCH; REGISTER,VERIFIED_ACCEPTED,yes,NOT_REQUIRED,VERIFIED,local-sme; b2b-saas; industrial-supplier
lv-iub-publikaciju-vadibas,IUB Publikāciju vadības sistēma (PVS) — notice publication system,latvia,national,national-procurement,22,LIMITED,unknown,MONITOR_ONLY; REQUIRES_BROWSER_CHECK,NOT_VERIFIED,no,SCRIPT_RENDERED,OBSERVABLE,
lb-public-procurement-autho,هيئة الشراء العام — المنصة الإلكترونية المركزية (Public Procurement Authority central electronic platform),lebanon,national,national-procurement,54,GOOD,discovery-plus-documents,SEARCH; DOWNLOAD_DOCUMENTS,NOT_VERIFIED,unknown,NOT_REQUIRED,OBSERVABLE,construction; local-sme; manufacturer
lt-cvp-is,"CVP IS — Centrinė viešųjų pirkimų informacinė sistema (new system, mandatory since 2024-12-01)",lithuania,national,national-procurement,81,EXCEPTIONAL,discovery-plus-registration,SEARCH; REGISTER,NOT_VERIFIED,yes,NOT_REQUIRED,VERIFIED,local-sme; industrial-supplier; eu-company
lt-cvpp,CVPP — Centrinis viešųjų pirkimų portalas (Central Public Procurement Portal),lithuania,national,national-procurement,65,STRONG,discovery-only,SEARCH,NOT_VERIFIED,no,NOT_REQUIRED,VERIFIED,local-sme; eu-company
lu-portail-des-marches,Portail des marchés publics du Grand-Duché de Luxembourg (PMP),luxembourg,national,national-procurement,71,STRONG,discovery-plus-documents,SEARCH; DOWNLOAD_DOCUMENTS,NOT_VERIFIED,yes,NOT_REQUIRED,VERIFIED,construction; local-sme; eu-company
my-myprocurement,MyProcurement (Pusat Maklumat Perolehan Kerajaan),malaysia,national,national-procurement,,NOT_YET_SCORED,unknown,MONITOR_ONLY; REQUIRES_BROWSER_CHECK,NOT_VERIFIED,unknown,TRANSPORT_FAILURE,UNKNOWN,
my-sarawak-government-etender-notices,Sarawak Government eTender Notices,malaysia,regional,regional-procurement,52,GOOD,discovery-only,SEARCH,NOT_VERIFIED,unknown,NOT_REQUIRED,OBSERVABLE,local-sme; manufacturer; industrial-supplier
my-eperolehan,ePerolehan,malaysia,national,national-procurement,33,LIMITED,unknown,MONITOR_ONLY; REQUIRES_BROWSER_CHECK,NOT_VERIFIED,yes,WAF,OBSERVABLE,
mt-etenders-malta,eTenders Malta – electronic Public Procurement System (ePPS),malta,national,national-procurement,93,EXCEPTIONAL,full-electronic-procurement,SEARCH; REGISTER; SUBMIT_ELECTRONICALLY,NOT_VERIFIED,yes,NOT_REQUIRED,VERIFIED,local-sme; industrial-supplier; eu-company
mx-compras-mx,Compras MX,mexico,national,national-procurement,44,MODERATE,unknown,MONITOR_ONLY; REQUIRES_BROWSER_CHECK,NOT_VERIFIED,yes,SCRIPT_RENDERED,OBSERVABLE,b2b-saas; local-sme
mx-pemex,Pemex — Procedimientos de contratación,mexico,institutional,institutional-procurement,51,GOOD,discovery-only,SEARCH,NOT_VERIFIED,unknown,NOT_REQUIRED,OBSERVABLE,healthcare; manufacturer; industrial-supplier
mx-tianguis-digital,Tianguis Digital,mexico,regional,regional-procurement,67,STRONG,discovery-plus-registration,SEARCH; REGISTER,NOT_VERIFIED,unknown,NOT_REQUIRED,OBSERVABLE,local-sme; industrial-supplier; logistics
md-achizitii,Achizitii.md,moldova,national,national-procurement,67,STRONG,authorized-marketplace-or-tenant,SEARCH,NOT_VERIFIED,yes,NOT_REQUIRED,OBSERVABLE,local-sme; manufacturer; b2b-saas
md-mtender,MTender,moldova,national,national-procurement,54,GOOD,discovery-only,SEARCH,NOT_VERIFIED,unknown,NOT_REQUIRED,OBSERVABLE,local-sme; manufacturer; industrial-supplier
md-mtender-state-e-procurement,MTender state e-procurement platform (mtender.md),moldova,national,national-procurement,48,MODERATE,unknown,MONITOR_ONLY; REQUIRES_BROWSER_CHECK,NOT_VERIFIED,yes,BOT_PROTECTION,VERIFIED,b2b-saas; local-sme
md-e-licitatie,e-Licitație (e-licitatie.md),moldova,national,national-procurement,81,EXCEPTIONAL,discovery-plus-registration,SEARCH; REGISTER,NOT_VERIFIED,yes,NOT_REQUIRED,VERIFIED,local-sme; industrial-supplier; manufacturer
me-cejn,CeJN — Crnogorski elektronski sistem javnih nabavki,montenegro,national,national-procurement,,NOT_YET_SCORED,unknown,MONITOR_ONLY; REQUIRES_BROWSER_CHECK,NOT_VERIFIED,unknown,SCRIPT_RENDERED,UNKNOWN,
ma-portail-marocain-des-marches,Portail Marocain des Marchés Publics,morocco,national,national-procurement,76,STRONG,discovery-only,SEARCH,VERIFIED_ACCEPTED,yes,NOT_REQUIRED,VERIFIED,manufacturer; exporter; local-sme
na-central-procurement-board-of,Central Procurement Board of Namibia,namibia,national,national-procurement,57,GOOD,discovery-only,SEARCH; REQUIRES_BROWSER_CHECK,NOT_VERIFIED,no,TRANSPORT_FAILURE,OBSERVABLE,local-sme; manufacturer; industrial-supplier
na-e-gp-system,e-GP System,namibia,national,national-procurement,24,LIMITED,unknown,MONITOR_ONLY; REQUIRES_BROWSER_CHECK,NOT_VERIFIED,unknown,TRANSPORT_FAILURE,VERIFIED,
np-electronic-government-procurement,Electronic Government Procurement (e-GP) System (Bolpatra),nepal,national,national-procurement,81,EXCEPTIONAL,discovery-plus-registration,SEARCH; REGISTER,NOT_VERIFIED,yes,NOT_REQUIRED,VERIFIED,local-sme; industrial-supplier; professional-services
nl-tenderned,TenderNed,netherlands,national,national-procurement,,NOT_YET_SCORED,unknown,MONITOR_ONLY; REQUIRES_BROWSER_CHECK,NOT_VERIFIED,unknown,SCRIPT_RENDERED,UNKNOWN,
nz-gets,GETS — Government Electronic Tender Service,new-zealand,national,national-procurement,81,EXCEPTIONAL,discovery-plus-registration,SEARCH; REGISTER,NOT_VERIFIED,yes,NOT_REQUIRED,VERIFIED,local-sme; b2b-saas; industrial-supplier
nz-pae-hokohoko-marketplace,Pae Hokohoko | Marketplace (New Zealand Government Marketplace),new-zealand,national,national-procurement,67,STRONG,registration-system,REGISTER; DOWNLOAD_DOCUMENTS,VERIFIED_ACCEPTED,yes,NOT_REQUIRED,VERIFIED,local-sme; b2b-saas; engineering
ng-bpp-contractor-registration-system,BPP Contractor Registration System,nigeria,national,national-procurement,25,LIMITED,unknown,MONITOR_ONLY; REQUIRES_BROWSER_CHECK,NOT_VERIFIED,unknown,SCRIPT_RENDERED,OBSERVABLE,
ng-nipex,NipeX,nigeria,national,sector-procurement,89,EXCEPTIONAL,full-electronic-procurement,SEARCH; REGISTER; DOWNLOAD_DOCUMENTS; SUBMIT_ELECTRONICALLY,NOT_VERIFIED,yes,NOT_REQUIRED,OBSERVABLE,construction; local-sme; industrial-supplier
ng-pcoms,PCOMS - Procurement Compliance Monitoring Services,nigeria,national,national-procurement,77,STRONG,discovery-plus-documents,SEARCH; REGISTER; DOWNLOAD_DOCUMENTS; REQUIRES_BROWSER_CHECK,NOT_VERIFIED,yes,UNSPECIFIED,VERIFIED,local-sme; industrial-supplier; construction
mk-esjn,ЕСЈН — Електронски систем за јавни набавки,north-macedonia,national,national-procurement,24,LIMITED,unknown,MONITOR_ONLY,NOT_VERIFIED,unknown,NOT_REQUIRED,OBSERVABLE,
no-doffin,Doffin — Database for offentlige innkjøp,norway,national,national-procurement,61,GOOD,discovery-only,SEARCH; REQUIRES_BROWSER_CHECK,NOT_VERIFIED,no,SCRIPT_RENDERED,VERIFIED,logistics; local-sme; it-software
om-esnad,إسناد (Esnad),oman,national,national-procurement,86,EXCEPTIONAL,discovery-plus-registration,SEARCH; REGISTER,VERIFIED_ACCEPTED,yes,NOT_REQUIRED,VERIFIED,local-sme; industrial-supplier; manufacturer
pk-e-pak-acquisition-and-disposal,e-Pak Acquisition and Disposal System (EPADS),pakistan,national,national-procurement,74,STRONG,full-electronic-procurement,REGISTER; SUBMIT_ELECTRONICALLY,NOT_VERIFIED,yes,NOT_REQUIRED,VERIFIED,local-sme; industrial-supplier
pa-panamacompra,PanamaCompra,panama,national,national-procurement,48,MODERATE,unknown,MONITOR_ONLY; REQUIRES_BROWSER_CHECK,NOT_VERIFIED,yes,SCRIPT_RENDERED,VERIFIED,b2b-saas; local-sme
py-portal-de-contrataciones-publicas,Portal de Contrataciones Públicas de la República del Paraguay,paraguay,national,national-procurement,89,EXCEPTIONAL,full-electronic-procurement,SEARCH; REGISTER; SUBMIT_ELECTRONICALLY,NOT_VERIFIED,yes,NOT_REQUIRED,OBSERVABLE,local-sme; industrial-supplier; engineering
py-tienda-virtual-dncp,Tienda Virtual DNCP,paraguay,national,national-procurement,44,MODERATE,authorized-marketplace-or-tenant,MONITOR_ONLY; REQUIRES_BROWSER_CHECK,NOT_VERIFIED,yes,UNSPECIFIED,OBSERVABLE,b2b-saas; local-sme
pe-catalogos-electronicos-de-acuerdos,Catálogos Electrónicos de Acuerdos Marco,peru,national,national-procurement,48,MODERATE,authorized-marketplace-or-tenant,MONITOR_ONLY,NOT_VERIFIED,yes,NOT_REQUIRED,OBSERVABLE,b2b-saas; local-sme
pe-registro-nacional-de-proveedores,Registro Nacional de Proveedores (RNP),peru,national,national-procurement,36,MODERATE,authorized-marketplace-or-tenant,MONITOR_ONLY; REQUIRES_BROWSER_CHECK,VERIFIED_ACCEPTED,no,WAF,VERIFIED,exporter
pe-seace,SEACE,peru,national,national-procurement,72,STRONG,discovery-only,SEARCH; REQUIRES_BROWSER_CHECK,VERIFIED_ACCEPTED,yes,SCRIPT_RENDERED,VERIFIED,manufacturer; exporter; local-sme
ph-philgeps,PhilGEPS (Philippine Government Electronic Procurement System),philippines,national,national-procurement,77,STRONG,discovery-plus-registration,SEARCH; REGISTER,NOT_VERIFIED,yes,NOT_REQUIRED,OBSERVABLE,local-sme; industrial-supplier; manufacturer
ph-philgeps-bid-notices,PhilGEPS Bid Notices (PhilGEPS 1.5),philippines,national,national-procurement,59,GOOD,authorized-marketplace-or-tenant,SEARCH,NOT_VERIFIED,unknown,NOT_REQUIRED,OBSERVABLE,local-sme; manufacturer; industrial-supplier
ph-philgeps-emarketplace,PhilGEPS eMarketplace,philippines,national,national-procurement,25,LIMITED,authorized-marketplace-or-tenant,MONITOR_ONLY; REQUIRES_BROWSER_CHECK,NOT_VERIFIED,unknown,SCRIPT_RENDERED,OBSERVABLE,
pl-ezamowienia,Platforma e-Zamówienia,poland,national,national-procurement,39,MODERATE,discovery-only,SEARCH; REQUIRES_BROWSER_CHECK,NOT_VERIFIED,unknown,SCRIPT_RENDERED,OBSERVABLE,manufacturer; industrial-supplier; eu-company
pt-base,BASE — Contratos Públicos Online,portugal,national,national-procurement,58,GOOD,discovery-only,SEARCH,NOT_VERIFIED,unknown,NOT_REQUIRED,VERIFIED,local-sme; eu-company
qa-monaqasat,مناقصات (Monaqasat),qatar,national,national-procurement,,NOT_YET_SCORED,discovery-only,SEARCH; REQUIRES_BROWSER_CHECK,NOT_VERIFIED,unknown,WAF,UNKNOWN,manufacturer; industrial-supplier
ro-seap,SEAP / SICAP,romania,national,national-procurement,58,GOOD,discovery-only,SEARCH,NOT_VERIFIED,unknown,NOT_REQUIRED,VERIFIED,local-sme; eu-company; manufacturer
rw-umucyo,Umucyo,rwanda,national,national-procurement,81,EXCEPTIONAL,discovery-plus-documents,SEARCH; REGISTER; DOWNLOAD_DOCUMENTS,NOT_VERIFIED,yes,NOT_REQUIRED,VERIFIED,local-sme; industrial-supplier; construction
sa-etimad,منصة اعتماد (Etimad),saudi-arabia,national,national-procurement,63,GOOD,discovery-only,SEARCH; REQUIRES_BROWSER_CHECK,NOT_VERIFIED,yes,SCRIPT_RENDERED,OBSERVABLE,local-sme; manufacturer; b2b-saas
rs-portal-javnih-nabavki,Portal javnih nabavki,serbia,national,national-procurement,20,LIMITED,unknown,MONITOR_ONLY; REQUIRES_BROWSER_CHECK,NOT_VERIFIED,unknown,UNSPECIFIED,OBSERVABLE,
sg-gebiz,GeBIZ (Government Electronic Business System),singapore,national,national-procurement,86,EXCEPTIONAL,discovery-plus-registration,SEARCH; REGISTER,VERIFIED_ACCEPTED,yes,NOT_REQUIRED,VERIFIED,local-sme; industrial-supplier; manufacturer
sk-eks,EKS – Elektronický kontraktačný systém (elektronické trhovisko),slovakia,national,national-procurement,81,EXCEPTIONAL,discovery-plus-registration,SEARCH; REGISTER,NOT_VERIFIED,yes,NOT_REQUIRED,VERIFIED,local-sme; b2b-saas; industrial-supplier
sk-is-evo,IS EVO – Elektronická platforma verejného obstarávania (EPVO),slovakia,national,national-procurement,71,STRONG,discovery-plus-documents,SEARCH; DOWNLOAD_DOCUMENTS,NOT_VERIFIED,yes,NOT_REQUIRED,VERIFIED,b2b-saas; construction; logistics
sk-vestnik-verejneho-obstaravania,Vestník verejného obstarávania (ÚVO portal – notices and registers),slovakia,national,national-procurement,65,STRONG,discovery-only,SEARCH,NOT_VERIFIED,no,NOT_REQUIRED,VERIFIED,local-sme; eu-company
si-ejn,e-JN — Elektronsko javno naročanje,slovenia,national,national-procurement,28,LIMITED,unknown,MONITOR_ONLY,NOT_VERIFIED,unknown,NOT_REQUIRED,VERIFIED,
za-central-supplier-database,Central Supplier Database,south-africa,national,national-procurement,56,GOOD,registration-system,REGISTER,NOT_VERIFIED,no,NOT_REQUIRED,VERIFIED,local-sme
za-dbsa-procurement-and-eprocurement,DBSA Procurement and eProcurement Supplier Portal,south-africa,institutional,development-bank,63,GOOD,corporate-procurement-transactional,REGISTER; DOWNLOAD_DOCUMENTS; SUBMIT_ELECTRONICALLY; REQUIRES_BROWSER_CHECK,NOT_VERIFIED,yes,UNSPECIFIED,OBSERVABLE,energy; healthcare; professional-services
za-eskom-tender-bulletin,Eskom Tender Bulletin,south-africa,institutional,public-utility,39,MODERATE,unknown,MONITOR_ONLY; REQUIRES_BROWSER_CHECK,NOT_VERIFIED,no,BOT_PROTECTION,VERIFIED,professional-services; healthcare
za-eskom-e-tendering,Eskom e-Tendering,south-africa,institutional,public-utility,44,MODERATE,registration-system,REGISTER; REQUIRES_BROWSER_CHECK,NOT_VERIFIED,yes,BOT_PROTECTION,VERIFIED,industrial-supplier; healthcare
za-eprocurement-solution,eProcurement Solution (ePS) – Western Cape Government,south-africa,regional,regional-procurement,38,MODERATE,unknown,MONITOR_ONLY,NOT_VERIFIED,yes,NOT_REQUIRED,VERIFIED,
za-etender-publication-portal,eTender Publication Portal,south-africa,national,national-procurement,65,STRONG,discovery-only,SEARCH,NOT_VERIFIED,no,NOT_REQUIRED,VERIFIED,local-sme; manufacturer; industrial-supplier
kr-edcf-bid-information,"EDCF Bid Information (EDCF 입찰정보, Economic Development Cooperation Fund)",south-korea,institutional,development-bank,53,GOOD,registration-system,REGISTER,NOT_VERIFIED,no,NOT_REQUIRED,VERIFIED,industrial-supplier; healthcare
kr-kepco-srm,KEPCO SRM,south-korea,institutional,public-utility,32,LIMITED,unknown,MONITOR_ONLY,NOT_VERIFIED,unknown,NOT_REQUIRED,OBSERVABLE,healthcare
kr-koica-e-procurement-system,KOICA e-Procurement System (KOICA 전자조달),south-korea,institutional,institutional-procurement,55,GOOD,corporate-procurement-surface,SEARCH,NOT_VERIFIED,unknown,NOT_REQUIRED,VERIFIED,healthcare; manufacturer; industrial-supplier
kr-d2b,국방전자조달시스템 (D2B),south-korea,national,sector-procurement,63,GOOD,discovery-only,SEARCH; REQUIRES_BROWSER_CHECK,NOT_VERIFIED,yes,WAF,OBSERVABLE,local-sme; manufacturer; b2b-saas
kr-koneps,나라장터 (KONEPS),south-korea,national,national-procurement,53,GOOD,unknown,MONITOR_ONLY; REQUIRES_BROWSER_CHECK,VERIFIED_ACCEPTED,yes,SCRIPT_RENDERED,VERIFIED,b2b-saas; manufacturer; exporter
kr-platform,나라장터 쇼핑몰,south-korea,national,national-procurement,44,MODERATE,unknown,MONITOR_ONLY; REQUIRES_BROWSER_CHECK,NOT_VERIFIED,yes,SCRIPT_RENDERED,OBSERVABLE,b2b-saas; local-sme
kr-s2b,학교장터 (S2B),south-korea,national,sector-procurement,44,MODERATE,unknown,MONITOR_ONLY; REQUIRES_BROWSER_CHECK,NOT_VERIFIED,yes,UNSPECIFIED,OBSERVABLE,local-sme
kr-lh-e-procurement,한국토지주택공사 전자조달시스템 (LH e-Procurement),south-korea,institutional,institutional-procurement,28,LIMITED,unknown,MONITOR_ONLY; REQUIRES_BROWSER_CHECK,NOT_VERIFIED,unknown,SCRIPT_RENDERED,OBSERVABLE,healthcare
es-plataforma-de-contratacion,Plataforma de Contratación del Sector Público (PLACSP),spain,national,national-procurement,71,STRONG,discovery-plus-documents,SEARCH; DOWNLOAD_DOCUMENTS,NOT_VERIFIED,yes,NOT_REQUIRED,VERIFIED,construction; local-sme; eu-company
es-rolecsp-rolece,ROLECSP / ROLECE – Registro Oficial de Licitadores y Empresas Clasificadas del Sector Público,spain,national,national-procurement,37,MODERATE,registration-system,REGISTER; REQUIRES_BROWSER_CHECK,NOT_VERIFIED,no,UNSPECIFIED,OBSERVABLE,local-sme
lk-promise,PROMISe (Sri Lanka e-Government Procurement System),sri-lanka,national,national-procurement,29,LIMITED,unknown,MONITOR_ONLY; REQUIRES_BROWSER_CHECK,NOT_VERIFIED,unknown,BOT_PROTECTION,VERIFIED,
se-kommersannons-se,KommersAnnons.se,sweden,national,national-procurement,60,GOOD,discovery-only,SEARCH,NOT_VERIFIED,no,NOT_REQUIRED,VERIFIED,local-sme; eu-company; manufacturer
se-mercell-annonsdatabas,Mercell Annonsdatabas (TendSign),sweden,national,national-procurement,85,EXCEPTIONAL,full-electronic-procurement,SEARCH; REGISTER; SUBMIT_ELECTRONICALLY; REQUIRES_BROWSER_CHECK,NOT_VERIFIED,yes,SCRIPT_RENDERED,OBSERVABLE,local-sme; industrial-supplier; eu-company
se-e-avrop,e-Avrop,sweden,national,national-procurement,81,EXCEPTIONAL,discovery-plus-registration,SEARCH; REGISTER,NOT_VERIFIED,yes,NOT_REQUIRED,VERIFIED,local-sme; industrial-supplier; professional-services
ch-simap,simap.ch,switzerland,national,national-procurement,,NOT_YET_SCORED,unknown,MONITOR_ONLY; REQUIRES_BROWSER_CHECK,NOT_VERIFIED,unknown,COOKIE_GATE,UNKNOWN,
tz-nest,NeST — National e-Procurement System of Tanzania,tanzania,national,national-procurement,48,MODERATE,unknown,MONITOR_ONLY; REQUIRES_BROWSER_CHECK,NOT_VERIFIED,yes,SCRIPT_RENDERED,VERIFIED,b2b-saas; local-sme
th-egat-fprocurement,EGAT FProcurement,thailand,institutional,public-utility,32,LIMITED,unknown,MONITOR_ONLY,NOT_VERIFIED,unknown,NOT_REQUIRED,OBSERVABLE,healthcare
th-ptt-procurement,PTT Procurement,thailand,institutional,sector-procurement,32,LIMITED,unknown,MONITOR_ONLY,NOT_VERIFIED,unknown,NOT_REQUIRED,OBSERVABLE,healthcare
th-thai-sme-gp,THAI SME-GP,thailand,national,national-procurement,,NOT_YET_SCORED,unknown,MONITOR_ONLY; REQUIRES_BROWSER_CHECK,RESTRICTED,unknown,SCRIPT_RENDERED,UNKNOWN,
th-e-gp-electronic-governme,ระบบการจัดซื้อจัดจ้างภาครัฐ (e-GP – Electronic Government Procurement),thailand,national,national-procurement,44,MODERATE,unknown,MONITOR_ONLY; REQUIRES_BROWSER_CHECK,NOT_VERIFIED,yes,WAF,OBSERVABLE,local-sme
tr-ekap,EKAP — Elektronik Kamu Alımları Platformu,turkey,national,national-procurement,20,LIMITED,unknown,MONITOR_ONLY; REQUIRES_BROWSER_CHECK,NOT_VERIFIED,unknown,UNSPECIFIED,OBSERVABLE,
ug-egp-uganda,EGP Uganda — Electronic Government Procurement,uganda,national,national-procurement,77,STRONG,discovery-plus-registration,SEARCH; REGISTER,NOT_VERIFIED,yes,NOT_REQUIRED,OBSERVABLE,local-sme; b2b-saas; industrial-supplier
ua-derzhzakupivli-online,Derzhzakupivli.Online (Держзакупівлі.Онлайн / DZO),ukraine,national,national-procurement,66,STRONG,authorized-marketplace-or-tenant,SEARCH; REGISTER; REQUIRES_BROWSER_CHECK,NOT_VERIFIED,yes,BOT_PROTECTION,VERIFIED,industrial-supplier; local-sme; manufacturer
ua-e-tender,E-tender,ukraine,national,national-procurement,37,MODERATE,authorized-marketplace-or-tenant,MONITOR_ONLY; REQUIRES_BROWSER_CHECK,NOT_VERIFIED,yes,BOT_PROTECTION,VERIFIED,
ua-izi-trade,IZI.TRADE,ukraine,national,national-procurement,55,GOOD,authorized-marketplace-or-tenant,SEARCH; REQUIRES_BROWSER_CHECK,NOT_VERIFIED,yes,SCRIPT_RENDERED,VERIFIED,manufacturer; b2b-saas; industrial-supplier
ua-playtender,PlayTender,ukraine,national,national-procurement,81,EXCEPTIONAL,authorized-marketplace-or-tenant,SEARCH; REGISTER,NOT_VERIFIED,yes,NOT_REQUIRED,VERIFIED,local-sme; industrial-supplier; manufacturer
ua-prozorro,Prozorro,ukraine,national,national-procurement,42,MODERATE,unknown,MONITOR_ONLY; REQUIRES_BROWSER_CHECK,NOT_VERIFIED,no,SCRIPT_RENDERED,VERIFIED,local-sme
ua-smarttender,SmartTender,ukraine,national,national-procurement,48,MODERATE,authorized-marketplace-or-tenant,MONITOR_ONLY,NOT_VERIFIED,yes,NOT_REQUIRED,OBSERVABLE,local-sme
ua-tender-online,TENDER-online (ТЕНДЕР-online),ukraine,national,national-procurement,71,STRONG,authorized-marketplace-or-tenant,SEARCH,NOT_VERIFIED,yes,NOT_REQUIRED,VERIFIED,local-sme; manufacturer; b2b-saas
ua-zakupivli-pro,Zakupivli.PRO (ex Zakupki.prom.ua),ukraine,national,national-procurement,37,MODERATE,authorized-marketplace-or-tenant,MONITOR_ONLY; REQUIRES_BROWSER_CHECK,NOT_VERIFIED,yes,BOT_PROTECTION,VERIFIED,
ae-abu-dhabi-government-procurement,Abu Dhabi Government Procurement Gate (ADGPG),united-arab-emirates,regional,regional-procurement,71,STRONG,discovery-plus-registration,SEARCH; REGISTER; REQUIRES_BROWSER_CHECK,NOT_VERIFIED,yes,WAF,OBSERVABLE,local-sme; industrial-supplier; professional-services
ae-sharjah-airport-tendering-portal,Sharjah Airport Tendering Portal,united-arab-emirates,institutional,institutional-procurement,30,LIMITED,unknown,MONITOR_ONLY; REQUIRES_BROWSER_CHECK,NOT_VERIFIED,yes,UNSPECIFIED,OBSERVABLE,professional-services; healthcare
ae-eprocurement-portal-for-sharjah,eProcurement Portal for Sharjah Finance Department,united-arab-emirates,regional,regional-procurement,30,LIMITED,unknown,MONITOR_ONLY; REQUIRES_BROWSER_CHECK,NOT_VERIFIED,yes,UNSPECIFIED,OBSERVABLE,
ae-esupply,eSupply,united-arab-emirates,regional,regional-procurement,59,GOOD,discovery-plus-registration,SEARCH; REGISTER; REQUIRES_BROWSER_CHECK,NOT_VERIFIED,yes,WAF,OBSERVABLE,b2b-saas; industrial-supplier; local-sme
ae-digital-procurement-plat,منصة المشتريات الرقمية (Digital Procurement Platform),united-arab-emirates,national,national-procurement,66,STRONG,discovery-plus-registration,SEARCH; REGISTER; REQUIRES_BROWSER_CHECK,NOT_VERIFIED,yes,UNSPECIFIED,VERIFIED,industrial-supplier; local-sme; professional-services
ae-tawreed,نظام توريد (Tawreed),united-arab-emirates,regional,regional-procurement,45,MODERATE,discovery-only,SEARCH; REQUIRES_BROWSER_CHECK,NOT_VERIFIED,unknown,TRANSPORT_FAILURE,VERIFIED,manufacturer; industrial-supplier
uk-contracts-finder,Contracts Finder,united-kingdom,national,national-procurement,63,GOOD,discovery-only,SEARCH,NOT_VERIFIED,unknown,NOT_REQUIRED,VERIFIED,local-sme; manufacturer; industrial-supplier
uk-digital-marketplace,Digital Marketplace (Apply to Supply),united-kingdom,national,sector-procurement,39,MODERATE,unknown,MONITOR_ONLY,NOT_VERIFIED,unknown,NOT_REQUIRED,VERIFIED,local-sme
gb-fcdo-esourcing-portal,FCDO eSourcing Portal,united-kingdom,institutional,institutional-procurement,74,STRONG,discovery-plus-documents,SEARCH; REGISTER; DOWNLOAD_DOCUMENTS; REQUIRES_BROWSER_CHECK,NOT_VERIFIED,yes,UNSPECIFIED,VERIFIED,professional-services; b2b-saas; engineering
uk-find-a-tender,Find a Tender (FTS) / Central Digital Platform,united-kingdom,national,national-procurement,70,STRONG,discovery-only,SEARCH,VERIFIED_ACCEPTED,no,NOT_REQUIRED,VERIFIED,manufacturer; exporter; logistics
uk-public-contracts-scotland,Public Contracts Scotland (PCS),united-kingdom,regional,regional-procurement,66,STRONG,discovery-plus-registration,SEARCH; REGISTER,NOT_VERIFIED,unknown,NOT_REQUIRED,VERIFIED,local-sme; industrial-supplier; manufacturer
uk-public-contracts-scotland-2,Public Contracts Scotland - Tender (PCS-Tender),united-kingdom,regional,regional-procurement,34,LIMITED,authorized-marketplace-or-tenant,MONITOR_ONLY,NOT_VERIFIED,yes,NOT_REQUIRED,OBSERVABLE,
uk-sell2wales-gwerthwchigymru,Sell2Wales / GwerthwchiGymru,united-kingdom,regional,regional-procurement,66,STRONG,discovery-plus-registration,SEARCH; REGISTER,NOT_VERIFIED,unknown,NOT_REQUIRED,VERIFIED,local-sme; industrial-supplier; manufacturer
uk-supplier-registration-service,Supplier Registration Service (Cabinet Office / central government eSourcing),united-kingdom,institutional,institutional-procurement,26,LIMITED,unknown,MONITOR_ONLY,NOT_VERIFIED,unknown,NOT_REQUIRED,OBSERVABLE,
uk-esourcing-ni,eSourcing NI,united-kingdom,regional,regional-procurement,34,LIMITED,unknown,MONITOR_ONLY,NOT_VERIFIED,yes,NOT_REQUIRED,OBSERVABLE,
uk-etenderwales,eTenderWales,united-kingdom,regional,regional-procurement,26,LIMITED,authorized-marketplace-or-tenant,MONITOR_ONLY; REQUIRES_BROWSER_CHECK,NOT_VERIFIED,yes,SCRIPT_RENDERED,OBSERVABLE,
uk-etendersni,eTendersNI,united-kingdom,regional,regional-procurement,71,STRONG,discovery-plus-registration,SEARCH; REGISTER,NOT_VERIFIED,unknown,NOT_REQUIRED,VERIFIED,local-sme; industrial-supplier; manufacturer
us-az-arizona-procurement-portal,Arizona Procurement Portal (APP),united-states,regional,regional-procurement,75,STRONG,discovery-plus-registration,SEARCH; REGISTER; REQUIRES_BROWSER_CHECK,NOT_VERIFIED,yes,BOT_PROTECTION,VERIFIED,local-sme; industrial-supplier; professional-services
us-il-bidbuy,BidBuy (Illinois),united-states,regional,regional-procurement,68,STRONG,discovery-only,SEARCH,NOT_VERIFIED,yes,NOT_REQUIRED,VERIFIED,b2b-saas; local-sme; professional-services
us-bidnet-direct,BidNet Direct,united-states,national,commercial-aggregator,62,GOOD,discovery-only,SEARCH,NOT_VERIFIED,yes,NOT_REQUIRED,VERIFIED,professional-services; engineering; manufacturer
us-ma-commbuys,COMMBUYS,united-states,regional,regional-procurement,52,GOOD,discovery-only,SEARCH; REQUIRES_BROWSER_CHECK,NOT_VERIFIED,unknown,WAF,OBSERVABLE,local-sme; logistics; professional-services
us-ca-cal-eprocure,Cal eProcure,united-states,regional,regional-procurement,64,GOOD,discovery-only,SEARCH,NOT_VERIFIED,yes,NOT_REQUIRED,OBSERVABLE,b2b-saas; local-sme; logistics
us-co-coloradovss,ColoradoVSS (Colorado Vendor Self Service),united-states,regional,regional-procurement,37,MODERATE,unknown,MONITOR_ONLY; REQUIRES_BROWSER_CHECK,NOT_VERIFIED,unknown,WAF,VERIFIED,local-sme
us-dla-internet-bid-board,DLA Internet Bid Board System (DIBBS),united-states,national,sector-procurement,73,STRONG,discovery-plus-registration,SEARCH; REGISTER; REQUIRES_BROWSER_CHECK,NOT_VERIFIED,yes,COOKIE_GATE,OBSERVABLE,local-sme; industrial-supplier; engineering
us-demandstar,DemandStar (Euna OpenBids),united-states,national,commercial-aggregator,50,GOOD,registration-system,REGISTER; REQUIRES_BROWSER_CHECK,NOT_VERIFIED,yes,SCRIPT_RENDERED,VERIFIED,industrial-supplier; local-sme
us-tn-edison-supplier-portal,Edison Supplier Portal (State of Tennessee),united-states,regional,regional-procurement,80,EXCEPTIONAL,discovery-plus-registration,SEARCH; REGISTER; REQUIRES_BROWSER_CHECK,VERIFIED_ACCEPTED,yes,UNSPECIFIED,VERIFIED,local-sme; industrial-supplier; manufacturer
us-euna-supplier-network,Euna Supplier Network (formerly Bonfire vendor portal),united-states,national,commercial-aggregator,50,GOOD,registration-system,REGISTER; REQUIRES_BROWSER_CHECK,NOT_VERIFIED,yes,SCRIPT_RENDERED,VERIFIED,industrial-supplier; local-sme
us-fedconnect,FedConnect,united-states,national,national-procurement,77,STRONG,discovery-plus-registration,SEARCH; REGISTER,NOT_VERIFIED,yes,NOT_REQUIRED,OBSERVABLE,local-sme; industrial-supplier; engineering
us-gsa-ebuy,GSA eBuy,united-states,national,national-procurement,48,MODERATE,unknown,MONITOR_ONLY; REQUIRES_BROWSER_CHECK,NOT_VERIFIED,yes,TRANSPORT_FAILURE,VERIFIED,b2b-saas; local-sme
us-gsa-eoffer,GSA eOffer / eMod,united-states,national,national-procurement,48,MODERATE,unknown,MONITOR_ONLY; REQUIRES_BROWSER_CHECK,NOT_VERIFIED,yes,TRANSPORT_FAILURE,VERIFIED,b2b-saas; local-sme
us-ga-georgia-procurement-registry,Georgia Procurement Registry (GPR),united-states,regional,regional-procurement,43,MODERATE,unknown,MONITOR_ONLY,NOT_VERIFIED,no,NOT_REQUIRED,VERIFIED,local-sme
us-il-illinois-procurement-bulletin,Illinois Procurement Bulletin - Public Institutions of Higher Education (Illinois Higher Ed Bulletin),united-states,regional,sector-procurement,87,EXCEPTIONAL,full-electronic-procurement,SEARCH; REGISTER; SUBMIT_ELECTRONICALLY,NOT_VERIFIED,yes,NOT_REQUIRED,OBSERVABLE,local-sme; industrial-supplier; healthcare
us-in-indiana-supplier-portal,Indiana Supplier Portal (IDOA),united-states,regional,regional-procurement,75,STRONG,discovery-plus-registration,SEARCH; REGISTER; REQUIRES_BROWSER_CHECK,NOT_VERIFIED,yes,BOT_PROTECTION,VERIFIED,local-sme; industrial-supplier; professional-services
us-mo-missouribuys-statewide-eprocurement-system,MissouriBUYS Statewide eProcurement System,united-states,regional,regional-procurement,75,STRONG,discovery-plus-registration,SEARCH; REGISTER; REQUIRES_BROWSER_CHECK,NOT_VERIFIED,yes,WAF,VERIFIED,local-sme; industrial-supplier; professional-services
us-fl-myfloridamarketplace-vendor-information-portal,MyFloridaMarketPlace Vendor Information Portal (VIP),united-states,regional,regional-procurement,37,MODERATE,unknown,MONITOR_ONLY; REQUIRES_BROWSER_CHECK,NOT_VERIFIED,unknown,SCRIPT_RENDERED,VERIFIED,local-sme
us-nj-njstart,NJSTART,united-states,regional,regional-procurement,68,STRONG,discovery-only,SEARCH,NOT_VERIFIED,yes,NOT_REQUIRED,VERIFIED,local-sme; professional-services; engineering
us-ny-new-york-state-contract,New York State Contract Reporter (NYSCR),united-states,regional,regional-procurement,69,STRONG,discovery-plus-registration,SEARCH; REGISTER,NOT_VERIFIED,no,NOT_REQUIRED,OBSERVABLE,local-sme; industrial-supplier; professional-services
us-nc-north-carolina-electronic-vendor,North Carolina electronic Vendor Portal (eVP),united-states,regional,regional-procurement,71,STRONG,discovery-plus-registration,SEARCH; REGISTER,NOT_VERIFIED,unknown,NOT_REQUIRED,VERIFIED,local-sme; industrial-supplier; professional-services
us-oh-ohiobuys,OhioBuys,united-states,regional,regional-procurement,30,LIMITED,unknown,MONITOR_ONLY; REQUIRES_BROWSER_CHECK,NOT_VERIFIED,yes,UNSPECIFIED,OBSERVABLE,b2b-saas
us-opengov-procurement-supplier-portal,OpenGov Procurement supplier portal,united-states,national,commercial-aggregator,58,GOOD,registration-system,REGISTER; REQUIRES_BROWSER_CHECK,NOT_VERIFIED,yes,BOT_PROTECTION,VERIFIED,local-sme; industrial-supplier
us-pa-pa-supplier-portal,PA Supplier Portal,united-states,regional,regional-procurement,30,LIMITED,unknown,MONITOR_ONLY; REQUIRES_BROWSER_CHECK,NOT_VERIFIED,yes,UNSPECIFIED,OBSERVABLE,
us-pa-pa-emarketplace,PA eMarketplace,united-states,regional,regional-procurement,58,GOOD,discovery-only,SEARCH,NOT_VERIFIED,no,NOT_REQUIRED,OBSERVABLE,local-sme; logistics; professional-services
us-piee-solicitation-module,PIEE Solicitation Module (Procurement Integrated Enterprise Environment),united-states,national,sector-procurement,37,MODERATE,unknown,MONITOR_ONLY; REQUIRES_BROWSER_CHECK,NOT_VERIFIED,yes,SCRIPT_RENDERED,VERIFIED,
us-periscope-s2g,Periscope S2G (BidSync),united-states,national,commercial-aggregator,66,STRONG,full-electronic-procurement,REGISTER; SUBMIT_ELECTRONICALLY,NOT_VERIFIED,yes,NOT_REQUIRED,VERIFIED,industrial-supplier; local-sme
us-public-purchase,Public Purchase,united-states,national,commercial-aggregator,48,MODERATE,unknown,MONITOR_ONLY; REQUIRES_BROWSER_CHECK,NOT_VERIFIED,yes,TRANSPORT_FAILURE,VERIFIED,local-sme
us-questcdn,QuestCDN,united-states,national,commercial-aggregator,50,GOOD,registration-system,REGISTER,NOT_VERIFIED,yes,NOT_REQUIRED,OBSERVABLE,industrial-supplier; local-sme
us-sam-gov,SAM.gov (System for Award Management),united-states,national,national-procurement,75,STRONG,discovery-plus-registration,SEARCH; REGISTER,NOT_VERIFIED,no,NOT_REQUIRED,VERIFIED,local-sme; industrial-supplier; professional-services
us-sba-subnet,SBA SUBNet (Subcontracting Network),united-states,national,national-procurement,42,MODERATE,unknown,MONITOR_ONLY,NOT_VERIFIED,no,NOT_REQUIRED,OBSERVABLE,local-sme
us-mi-sigma-vendor-self-service,SIGMA Vendor Self Service (SIGMA VSS) — State of Michigan,united-states,regional,regional-procurement,45,MODERATE,unknown,MONITOR_ONLY; REQUIRES_BROWSER_CHECK,NOT_VERIFIED,yes,WAF,VERIFIED,local-sme
us-mn-swift-supplier-portal,SWIFT Supplier Portal (State of Minnesota),united-states,regional,regional-procurement,75,STRONG,discovery-plus-registration,SEARCH; REGISTER; REQUIRES_BROWSER_CHECK,NOT_VERIFIED,yes,TRANSPORT_FAILURE,VERIFIED,local-sme; industrial-supplier; professional-services
us-tx-texas-smartbuy,Texas SmartBuy / Electronic State Business Daily (ESBD),united-states,regional,regional-procurement,58,GOOD,discovery-plus-registration,SEARCH; REGISTER,NOT_VERIFIED,unknown,NOT_REQUIRED,OBSERVABLE,industrial-supplier; local-sme; logistics
us-unison-marketplace,Unison Marketplace,united-states,national,b2b-tender-marketplace,43,MODERATE,registration-system,REGISTER; REQUIRES_BROWSER_CHECK,NOT_VERIFIED,yes,UNSPECIFIED,OBSERVABLE,industrial-supplier; local-sme
us-wa-webs,WEBS — Washington's Electronic Business Solution,united-states,regional,regional-procurement,60,GOOD,discovery-only,SEARCH,NOT_VERIFIED,unknown,NOT_REQUIRED,VERIFIED,local-sme; professional-services; engineering
us-va-eva,eVA — Virginia's eProcurement Marketplace,united-states,regional,regional-procurement,91,EXCEPTIONAL,full-electronic-procurement,SEARCH; REGISTER; SUBMIT_ELECTRONICALLY,NOT_VERIFIED,yes,NOT_REQUIRED,VERIFIED,local-sme; industrial-supplier; professional-services
uy-compras-estatales,Compras Estatales,uruguay,national,national-procurement,69,STRONG,discovery-plus-registration,SEARCH; REGISTER,NOT_VERIFIED,unknown,NOT_REQUIRED,OBSERVABLE,local-sme; industrial-supplier; logistics
vn-he-thong-mang-au,"Hệ thống mạng đấu thầu quốc gia (Vietnam National Electronic Procurement System, VNEPS)",vietnam,national,national-procurement,82,EXCEPTIONAL,discovery-plus-registration,SEARCH; REGISTER; REQUIRES_BROWSER_CHECK,VERIFIED_ACCEPTED,yes,SCRIPT_RENDERED,VERIFIED,local-sme; b2b-saas; industrial-supplier
vn-trung-tam-mua-sam,Trung tâm Mua sắm tập trung thuốc Quốc gia (National Centre for Drug Procurement),vietnam,national,sector-procurement,54,GOOD,discovery-only,SEARCH,NOT_VERIFIED,unknown,NOT_REQUIRED,OBSERVABLE,logistics; local-sme; it-software
zm-e-gp-system,e-GP System,zambia,national,national-procurement,29,LIMITED,unknown,MONITOR_ONLY,NOT_VERIFIED,unknown,NOT_REQUIRED,OBSERVABLE,
